"label","penn_element_name","parameter","value","rt","person","condition","type","trial_n","itemnum","reading_time","subject","comma","v2"
"exp","grade","Choice","1","1524","Hande","Base","exp","10","38","NULL","S[1]","0","1"
"exp","grade","Choice","3","1376","Danni","MissingVComma","exp","12","35","NULL","S[1]","1","0"
"exp","grade","Choice","5","1978","Hande","MissingVComma","exp","15","43","NULL","S[1]","1","0"
"exp","grade","Choice","3","2515","Jackson","MissingVComma","exp","18","11","NULL","S[1]","1","0"
"exp","grade","Choice","1","3165","Will","Base","exp","21","26","NULL","S[1]","0","1"
"exp","grade","Choice","2","2034","Carmen","Base","exp","24","2","NULL","S[1]","0","1"
"exp","grade","Choice","2","1956","Jackson","Base","exp","27","14","NULL","S[1]","0","1"
"exp","grade","Choice","2","2642","Matthew","Base","exp","30","18","NULL","S[1]","0","1"
"exp","grade","Choice","4","2803","Will","MissingVComma","exp","32","23","NULL","S[1]","1","0"
"exp","grade","Choice","1","1875","Carmen","MissingVComma","exp","35","7","NULL","S[1]","1","0"
"exp","grade","Choice","2","2614","Hande","MissingVBase","exp","38","40","NULL","S[1]","0","0"
"exp","grade","Choice","6","1547","Danni","MissingVBase","exp","41","32","NULL","S[1]","0","0"
"exp","grade","Choice","1","1817","Carmen","MissingVBase","exp","44","4","NULL","S[1]","0","0"
"exp","grade","Choice","3","2590","Hande","MissingVComma","exp","47","39","NULL","S[1]","1","0"
"exp","grade","Choice","4","3146","Carmen","Comma","exp","50","5","NULL","S[1]","1","1"
"exp","grade","Choice","2","2380","Tessa","Base","exp","52","46","NULL","S[1]","0","1"
"exp","grade","Choice","2","4765","Matthew","Comma","exp","55","17","NULL","S[1]","1","1"
"exp","grade","Choice","1","1300","Tessa","Comma","exp","58","49","NULL","S[1]","1","1"
"exp","grade","Choice","1","1655","Hande","Comma","exp","61","41","NULL","S[1]","1","1"
"exp","grade","Choice","2","2623","Matthew","MissingVBase","exp","64","20","NULL","S[1]","0","0"
"exp","grade","Choice","2","2207","Carmen","Base","exp","67","6","NULL","S[1]","0","1"
"exp","grade","Choice","1","2428","Jackson","Comma","exp","70","13","NULL","S[1]","1","1"
"exp","grade","Choice","1","1254","Danni","MissingVComma","exp","72","31","NULL","S[1]","1","0"
"exp","grade","Choice","1","1818","Matthew","MissingVComma","exp","75","19","NULL","S[1]","1","0"
"exp","grade","Choice","1","1810","Tessa","MissingVComma","exp","78","47","NULL","S[1]","1","0"
"exp","grade","Choice","1","1101","Tessa","MissingVBase","exp","81","48","NULL","S[1]","0","0"
"exp","grade","Choice","2","1736","Jackson","MissingVComma","exp","84","15","NULL","S[1]","1","0"
"exp","grade","Choice","1","1563","Matthew","Comma","exp","87","21","NULL","S[1]","1","1"
"exp","grade","Choice","3","2326","Danni","Comma","exp","90","37","NULL","S[1]","1","1"
"exp","grade","Choice","1","2405","Jackson","MissingVBase","exp","93","8","NULL","S[1]","0","0"
"exp","grade","Choice","1","1335","Matthew","MissingVBase","exp","95","16","NULL","S[1]","0","0"
"exp","grade","Choice","1","1052","Will","MissingVBase","exp","98","28","NULL","S[1]","0","0"
"exp","grade","Choice","3","1744","Danni","Base","exp","101","34","NULL","S[1]","0","1"
"exp","grade","Choice","1","2056","Jackson","Comma","exp","104","9","NULL","S[1]","1","1"
"exp","grade","Choice","2","1932","Hande","Base","exp","107","42","NULL","S[1]","0","1"
"exp","grade","Choice","3","1747","Hande","MissingVBase","exp","110","44","NULL","S[1]","0","0"
"exp","grade","Choice","1","1995","Carmen","Comma","exp","113","1","NULL","S[1]","1","1"
"exp","grade","Choice","1","1882","Tessa","Comma","exp","115","45","NULL","S[1]","1","1"
"exp","grade","Choice","1","2761","Matthew","Base","exp","118","22","NULL","S[1]","0","1"
"exp","grade","Choice","2","2487","Carmen","MissingVComma","exp","121","3","NULL","S[1]","1","0"
"exp","grade","Choice","1","2429","Jackson","MissingVBase","exp","124","12","NULL","S[1]","0","0"
"exp","grade","Choice","1","1797","Tessa","Base","exp","127","50","NULL","S[1]","0","1"
"exp","grade","Choice","2","2638","Will","MissingVComma","exp","130","27","NULL","S[1]","1","0"
"exp","grade","Choice","3","1863","Will","MissingVBase","exp","133","24","NULL","S[1]","0","0"
"exp","grade","Choice","2","1156","Danni","Comma","exp","135","33","NULL","S[1]","1","1"
"exp","grade","Choice","1","2049","Jackson","Base","exp","138","10","NULL","S[1]","0","1"
"exp","grade","Choice","2","2228","Will","Comma","exp","141","25","NULL","S[1]","1","1"
"exp","grade","Choice","1","1752","Will","Comma","exp","144","29","NULL","S[1]","1","1"
"exp","grade","Choice","2","2402","Danni","MissingVBase","exp","147","36","NULL","S[1]","0","0"
"exp","grade","Choice","1","1910","Will","Base","exp","150","30","NULL","S[1]","0","1"
"exp","grade","Choice","1","1669","Tessa","MissingVComma","exp","153","51","NULL","S[1]","1","0"
"exp","grade","Choice","1","4082","Will","MissingVBase","exp","10","27","NULL","S[2]","0","0"
"exp","grade","Choice","2","2829","Matthew","MissingVComma","exp","13","22","NULL","S[2]","1","0"
"exp","grade","Choice","1","2024","Jackson","MissingVComma","exp","16","10","NULL","S[2]","1","0"
"exp","grade","Choice","2","2603","Danni","Base","exp","19","33","NULL","S[2]","0","1"
"exp","grade","Choice","1","1834","Tessa","MissingVBase","exp","22","47","NULL","S[2]","0","0"
"exp","grade","Choice","5","2652","Danni","Base","exp","25","37","NULL","S[2]","0","1"
"exp","grade","Choice","6","2589","Jackson","Comma","exp","28","12","NULL","S[2]","1","1"
"exp","grade","Choice","5","2491","Will","MissingVBase","exp","31","23","NULL","S[2]","0","0"
"exp","grade","Choice","3","2435","Hande","MissingVBase","exp","33","39","NULL","S[2]","0","0"
"exp","grade","Choice","3","2372","Carmen","MissingVBase","exp","36","3","NULL","S[2]","0","0"
"exp","grade","Choice","1","2057","Tessa","Comma","exp","39","48","NULL","S[2]","1","1"
"exp","grade","Choice","4","3355","Matthew","Base","exp","42","17","NULL","S[2]","0","1"
"exp","grade","Choice","6","2693","Tessa","MissingVComma","exp","45","46","NULL","S[2]","1","0"
"exp","grade","Choice","5","2210","Will","Comma","exp","48","28","NULL","S[2]","1","1"
"exp","grade","Choice","5","2525","Hande","MissingVComma","exp","51","42","NULL","S[2]","1","0"
"exp","grade","Choice","3","3133","Tessa","Base","exp","53","49","NULL","S[2]","0","1"
"exp","grade","Choice","1","1706","Matthew","Base","exp","56","21","NULL","S[2]","0","1"
"exp","grade","Choice","1","1860","Will","MissingVComma","exp","59","26","NULL","S[2]","1","0"
"exp","grade","Choice","1","2239","Carmen","Comma","exp","62","4","NULL","S[2]","1","1"
"exp","grade","Choice","4","3213","Danni","MissingVBase","exp","65","35","NULL","S[2]","0","0"
"exp","grade","Choice","3","2415","Carmen","Base","exp","68","5","NULL","S[2]","0","1"
"exp","grade","Choice","1","2067","Will","Base","exp","71","29","NULL","S[2]","0","1"
"exp","grade","Choice","4","4208","Tessa","MissingVComma","exp","73","50","NULL","S[2]","1","0"
"exp","grade","Choice","2","2104","Will","Base","exp","76","25","NULL","S[2]","0","1"
"exp","grade","Choice","1","1948","Will","MissingVComma","exp","79","30","NULL","S[2]","1","0"
"exp","grade","Choice","1","1813","Jackson","MissingVComma","exp","82","14","NULL","S[2]","1","0"
"exp","grade","Choice","1","1806","Carmen","MissingVComma","exp","85","2","NULL","S[2]","1","0"
"exp","grade","Choice","2","1899","Matthew","MissingVBase","exp","88","19","NULL","S[2]","0","0"
"exp","grade","Choice","2","1820","Jackson","MissingVBase","exp","91","15","NULL","S[2]","0","0"
"exp","grade","Choice","1","1921","Matthew","Comma","exp","94","20","NULL","S[2]","1","1"
"exp","grade","Choice","1","1714","Jackson","Comma","exp","96","8","NULL","S[2]","1","1"
"exp","grade","Choice","1","2031","Jackson","Base","exp","99","13","NULL","S[2]","0","1"
"exp","grade","Choice","3","2108","Hande","MissingVBase","exp","102","43","NULL","S[2]","0","0"
"exp","grade","Choice","5","1963","Danni","MissingVComma","exp","105","34","NULL","S[2]","1","0"
"exp","grade","Choice","3","2091","Matthew","MissingVComma","exp","108","18","NULL","S[2]","1","0"
"exp","grade","Choice","1","1903","Carmen","MissingVBase","exp","111","7","NULL","S[2]","0","0"
"exp","grade","Choice","4","2534","Danni","Comma","exp","114","36","NULL","S[2]","1","1"
"exp","grade","Choice","2","2106","Hande","Base","exp","116","41","NULL","S[2]","0","1"
"exp","grade","Choice","5","1847","Hande","Comma","exp","119","40","NULL","S[2]","1","1"
"exp","grade","Choice","5","2118","Danni","MissingVBase","exp","122","31","NULL","S[2]","0","0"
"exp","grade","Choice","2","2020","Tessa","Base","exp","125","45","NULL","S[2]","0","1"
"exp","grade","Choice","4","2889","Jackson","Base","exp","128","9","NULL","S[2]","0","1"
"exp","grade","Choice","1","2653","Carmen","Base","exp","131","1","NULL","S[2]","0","1"
"exp","grade","Choice","3","2006","Tessa","MissingVBase","exp","134","51","NULL","S[2]","0","0"
"exp","grade","Choice","3","1877","Jackson","MissingVBase","exp","136","11","NULL","S[2]","0","0"
"exp","grade","Choice","3","2148","Danni","Comma","exp","139","32","NULL","S[2]","1","1"
"exp","grade","Choice","1","2701","Hande","MissingVComma","exp","142","38","NULL","S[2]","1","0"
"exp","grade","Choice","3","1987","Carmen","MissingVComma","exp","145","6","NULL","S[2]","1","0"
"exp","grade","Choice","4","2203","Hande","Comma","exp","148","44","NULL","S[2]","1","1"
"exp","grade","Choice","5","1885","Will","Comma","exp","151","24","NULL","S[2]","1","1"
"exp","grade","Choice","4","1893","Matthew","Comma","exp","154","16","NULL","S[2]","1","1"
"exp","grade","Choice","6","1952","Danni","Base","exp","10","32","NULL","S[3]","0","1"
"exp","grade","Choice","1","4132","Will","MissingVBase","exp","13","26","NULL","S[3]","0","0"
"exp","grade","Choice","7","2274","Jackson","MissingVComma","exp","16","13","NULL","S[3]","1","0"
"exp","grade","Choice","1","2835","Jackson","Comma","exp","19","11","NULL","S[3]","1","1"
"exp","grade","Choice","7","1461","Danni","MissingVBase","exp","22","34","NULL","S[3]","0","0"
"exp","grade","Choice","2","2809","Will","Comma","exp","25","23","NULL","S[3]","1","1"
"exp","grade","Choice","6","2105","Tessa","MissingVComma","exp","28","45","NULL","S[3]","1","0"
"exp","grade","Choice","5","2753","Carmen","MissingVBase","exp","31","2","NULL","S[3]","0","0"
"exp","grade","Choice","6","3076","Hande","Base","exp","33","44","NULL","S[3]","0","1"
"exp","grade","Choice","7","1573","Hande","Comma","exp","36","39","NULL","S[3]","1","1"
"exp","grade","Choice","2","2109","Matthew","Base","exp","39","20","NULL","S[3]","0","1"
"exp","grade","Choice","6","1851","Tessa","Comma","exp","45","51","NULL","S[3]","1","1"
"exp","grade","Choice","6","3511","Jackson","MissingVComma","exp","48","9","NULL","S[3]","1","0"
"exp","grade","Choice","6","3220","Will","MissingVComma","exp","51","29","NULL","S[3]","1","0"
"exp","grade","Choice","2","1448","Will","MissingVBase","exp","53","30","NULL","S[3]","0","0"
"exp","grade","Choice","6","3164","Matthew","MissingVBase","exp","56","22","NULL","S[3]","0","0"
"exp","grade","Choice","7","1346","Carmen","MissingVComma","exp","59","5","NULL","S[3]","1","0"
"exp","grade","Choice","6","1457","Tessa","MissingVBase","exp","62","50","NULL","S[3]","0","0"
"exp","grade","Choice","4","3948","Tessa","Base","exp","65","48","NULL","S[3]","0","1"
"exp","grade","Choice","6","2715","Jackson","Comma","exp","68","15","NULL","S[3]","1","1"
"exp","grade","Choice","5","4347","Carmen","Comma","exp","71","7","NULL","S[3]","1","1"
"exp","grade","Choice","7","1718","Will","Base","exp","73","28","NULL","S[3]","0","1"
"exp","grade","Choice","6","1970","Carmen","Comma","exp","76","3","NULL","S[3]","1","1"
"exp","grade","Choice","6","2028","Carmen","MissingVComma","exp","79","1","NULL","S[3]","1","0"
"exp","grade","Choice","5","1979","Matthew","MissingVComma","exp","82","17","NULL","S[3]","1","0"
"exp","grade","Choice","6","1543","Jackson","MissingVBase","exp","85","10","NULL","S[3]","0","0"
"exp","grade","Choice","7","4766","Matthew","Comma","exp","88","19","NULL","S[3]","1","1"
"exp","grade","Choice","6","2661","Danni","MissingVComma","exp","91","37","NULL","S[3]","1","0"
"exp","grade","Choice","7","1326","Tessa","MissingVComma","exp","94","49","NULL","S[3]","1","0"
"exp","grade","Choice","3","3490","Danni","Comma","exp","96","31","NULL","S[3]","1","1"
"exp","grade","Choice","7","2462","Will","MissingVComma","exp","99","25","NULL","S[3]","1","0"
"exp","grade","Choice","4","3246","Danni","Comma","exp","102","35","NULL","S[3]","1","1"
"exp","grade","Choice","6","1520","Hande","Comma","exp","105","43","NULL","S[3]","1","1"
"exp","grade","Choice","6","2316","Tessa","MissingVBase","exp","108","46","NULL","S[3]","0","0"
"exp","grade","Choice","3","2191","Matthew","MissingVBase","exp","111","18","NULL","S[3]","0","0"
"exp","grade","Choice","7","4686","Danni","Base","exp","114","36","NULL","S[3]","0","1"
"exp","grade","Choice","6","2102","Hande","MissingVComma","exp","116","41","NULL","S[3]","1","0"
"exp","grade","Choice","7","1324","Hande","Base","exp","119","40","NULL","S[3]","0","1"
"exp","grade","Choice","6","1788","Jackson","Base","exp","122","8","NULL","S[3]","0","1"
"exp","grade","Choice","7","1749","Matthew","MissingVComma","exp","125","21","NULL","S[3]","1","0"
"exp","grade","Choice","1","2718","Jackson","MissingVBase","exp","128","14","NULL","S[3]","0","0"
"exp","grade","Choice","7","1664","Danni","MissingVComma","exp","131","33","NULL","S[3]","1","0"
"exp","grade","Choice","6","1510","Will","Comma","exp","134","27","NULL","S[3]","1","1"
"exp","grade","Choice","7","1413","Tessa","Comma","exp","136","47","NULL","S[3]","1","1"
"exp","grade","Choice","4","2560","Hande","MissingVBase","exp","139","42","NULL","S[3]","0","0"
"exp","grade","Choice","7","1249","Carmen","MissingVBase","exp","142","6","NULL","S[3]","0","0"
"exp","grade","Choice","7","1982","Jackson","Base","exp","145","12","NULL","S[3]","0","1"
"exp","grade","Choice","6","2173","Hande","MissingVBase","exp","148","38","NULL","S[3]","0","0"
"exp","grade","Choice","6","1932","Will","Base","exp","151","24","NULL","S[3]","0","1"
"exp","grade","Choice","4","2530","Carmen","Base","exp","154","4","NULL","S[3]","0","1"
"exp","grade","Choice",NA,"5506","Matthew","Base","exp","42","16","No selection happened","S[3]","0","1"
"exp","grade","Choice","3","1756","Hande","MissingVBase","exp","10","39","NULL","S[4]","0","0"
"exp","grade","Choice","1","1640","Jackson","Base","exp","12","9","NULL","S[4]","0","1"
"exp","grade","Choice","2","2262","Jackson","Comma","exp","15","8","NULL","S[4]","1","1"
"exp","grade","Choice","5","3035","Danni","Comma","exp","18","32","NULL","S[4]","1","1"
"exp","grade","Choice","1","2348","Will","MissingVComma","exp","21","26","NULL","S[4]","1","0"
"exp","grade","Choice","1","3047","Jackson","Comma","exp","24","12","NULL","S[4]","1","1"
"exp","grade","Choice","1","2353","Hande","MissingVComma","exp","27","38","NULL","S[4]","1","0"
"exp","grade","Choice","1","2310","Danni","Base","exp","30","33","NULL","S[4]","0","1"
"exp","grade","Choice","1","1691","Carmen","Comma","exp","32","4","NULL","S[4]","1","1"
"exp","grade","Choice","1","2092","Will","MissingVBase","exp","35","23","NULL","S[4]","0","0"
"exp","grade","Choice","4","3768","Matthew","MissingVBase","exp","38","19","NULL","S[4]","0","0"
"exp","grade","Choice","1","1914","Matthew","Base","exp","41","21","NULL","S[4]","0","1"
"exp","grade","Choice","6","2274","Carmen","MissingVComma","exp","44","2","NULL","S[4]","1","0"
"exp","grade","Choice","1","1361","Will","MissingVBase","exp","47","27","NULL","S[4]","0","0"
"exp","grade","Choice","1","1567","Danni","MissingVBase","exp","50","35","NULL","S[4]","0","0"
"exp","grade","Choice","2","1338","Matthew","Comma","exp","52","16","NULL","S[4]","1","1"
"exp","grade","Choice","1","2098","Carmen","Base","exp","55","1","NULL","S[4]","0","1"
"exp","grade","Choice","1","1663","Hande","Base","exp","58","41","NULL","S[4]","0","1"
"exp","grade","Choice","1","1681","Jackson","MissingVComma","exp","61","14","NULL","S[4]","1","0"
"exp","grade","Choice","1","1699","Matthew","Comma","exp","64","20","NULL","S[4]","1","1"
"exp","grade","Choice","1","4157","Hande","MissingVComma","exp","67","42","NULL","S[4]","1","0"
"exp","grade","Choice","1","1646","Hande","MissingVBase","exp","70","43","NULL","S[4]","0","0"
"exp","grade","Choice","3","2396","Danni","MissingVComma","exp","72","34","NULL","S[4]","1","0"
"exp","grade","Choice","2","1554","Matthew","MissingVComma","exp","75","22","NULL","S[4]","1","0"
"exp","grade","Choice","1","1562","Tessa","Comma","exp","78","48","NULL","S[4]","1","1"
"exp","grade","Choice","1","4738","Will","Comma","exp","81","24","NULL","S[4]","1","1"
"exp","grade","Choice","1","2282","Danni","Comma","exp","84","36","NULL","S[4]","1","1"
"exp","grade","Choice","2","1638","Danni","MissingVBase","exp","87","31","NULL","S[4]","0","0"
"exp","grade","Choice","1","2166","Tessa","MissingVBase","exp","90","51","NULL","S[4]","0","0"
"exp","grade","Choice","1","1935","Carmen","MissingVBase","exp","93","7","NULL","S[4]","0","0"
"exp","grade","Choice","2","2570","Carmen","MissingVBase","exp","95","3","NULL","S[4]","0","0"
"exp","grade","Choice","1","1631","Danni","Base","exp","98","37","NULL","S[4]","0","1"
"exp","grade","Choice","1","1423","Jackson","Base","exp","101","13","NULL","S[4]","0","1"
"exp","grade","Choice","4","1377","Hande","Comma","exp","104","44","NULL","S[4]","1","1"
"exp","grade","Choice","1","1555","Tessa","Base","exp","107","49","NULL","S[4]","0","1"
"exp","grade","Choice","2","2208","Carmen","Base","exp","110","5","NULL","S[4]","0","1"
"exp","grade","Choice","1","3183","Carmen","MissingVComma","exp","113","6","NULL","S[4]","1","0"
"exp","grade","Choice","2","2845","Hande","Comma","exp","115","40","NULL","S[4]","1","1"
"exp","grade","Choice","2","1338","Matthew","MissingVComma","exp","118","18","NULL","S[4]","1","0"
"exp","grade","Choice","1","1407","Will","Comma","exp","121","28","NULL","S[4]","1","1"
"exp","grade","Choice","1","1346","Jackson","MissingVBase","exp","124","15","NULL","S[4]","0","0"
"exp","grade","Choice","1","2369","Jackson","MissingVBase","exp","127","11","NULL","S[4]","0","0"
"exp","grade","Choice","1","2362","Tessa","MissingVBase","exp","130","47","NULL","S[4]","0","0"
"exp","grade","Choice","1","1464","Will","MissingVComma","exp","133","30","NULL","S[4]","1","0"
"exp","grade","Choice","1","1243","Matthew","Base","exp","135","17","NULL","S[4]","0","1"
"exp","grade","Choice","4","2496","Tessa","MissingVComma","exp","138","46","NULL","S[4]","1","0"
"exp","grade","Choice","1","1359","Will","Base","exp","141","29","NULL","S[4]","0","1"
"exp","grade","Choice","1","1542","Tessa","MissingVComma","exp","144","50","NULL","S[4]","1","0"
"exp","grade","Choice","1","1716","Tessa","Base","exp","147","45","NULL","S[4]","0","1"
"exp","grade","Choice","1","1790","Jackson","MissingVComma","exp","150","10","NULL","S[4]","1","0"
"exp","grade","Choice","1","1955","Will","Base","exp","153","25","NULL","S[4]","0","1"
"exp","grade","Choice","6","3318","Danni","MissingVComma","exp","10","36","NULL","S[5]","1","0"
"exp","grade","Choice","1","1944","Tessa","MissingVBase","exp","12","49","NULL","S[5]","0","0"
"exp","grade","Choice","3","3176","Matthew","MissingVBase","exp","15","17","NULL","S[5]","0","0"
"exp","grade","Choice","1","2121","Will","Base","exp","18","27","NULL","S[5]","0","1"
"exp","grade","Choice","3","2563","Danni","Comma","exp","21","34","NULL","S[5]","1","1"
"exp","grade","Choice","6","1978","Will","MissingVComma","exp","24","24","NULL","S[5]","1","0"
"exp","grade","Choice","4","2297","Matthew","Comma","exp","27","18","NULL","S[5]","1","1"
"exp","grade","Choice","7","4142","Matthew","MissingVComma","exp","30","16","NULL","S[5]","1","0"
"exp","grade","Choice","3","2273","Jackson","Comma","exp","32","10","NULL","S[5]","1","1"
"exp","grade","Choice","6","2466","Danni","Base","exp","35","35","NULL","S[5]","0","1"
"exp","grade","Choice","1","2242","Tessa","Base","exp","38","51","NULL","S[5]","0","1"
"exp","grade","Choice","1","2183","Jackson","Base","exp","41","15","NULL","S[5]","0","1"
"exp","grade","Choice","3","1877","Tessa","MissingVComma","exp","44","48","NULL","S[5]","1","0"
"exp","grade","Choice","4","2643","Will","Base","exp","47","23","NULL","S[5]","0","1"
"exp","grade","Choice","6","3558","Hande","MissingVBase","exp","50","41","NULL","S[5]","0","0"
"exp","grade","Choice","1","1719","Hande","Comma","exp","52","42","NULL","S[5]","1","1"
"exp","grade","Choice","4","3141","Carmen","MissingVComma","exp","55","4","NULL","S[5]","1","0"
"exp","grade","Choice","3","2257","Tessa","MissingVBase","exp","58","45","NULL","S[5]","0","0"
"exp","grade","Choice","3","1512","Jackson","MissingVBase","exp","61","9","NULL","S[5]","0","0"
"exp","grade","Choice","1","2491","Tessa","Base","exp","64","47","NULL","S[5]","0","1"
"exp","grade","Choice","5","2033","Hande","Base","exp","67","43","NULL","S[5]","0","1"
"exp","grade","Choice","5","3071","Carmen","Base","exp","70","7","NULL","S[5]","0","1"
"exp","grade","Choice","6","3533","Carmen","Comma","exp","72","2","NULL","S[5]","1","1"
"exp","grade","Choice","1","2250","Hande","Comma","exp","75","38","NULL","S[5]","1","1"
"exp","grade","Choice","5","2895","Danni","MissingVComma","exp","78","32","NULL","S[5]","1","0"
"exp","grade","Choice","4","1728","Danni","MissingVBase","exp","81","33","NULL","S[5]","0","0"
"exp","grade","Choice","6","2404","Hande","MissingVComma","exp","84","40","NULL","S[5]","1","0"
"exp","grade","Choice","4","1726","Jackson","MissingVBase","exp","87","13","NULL","S[5]","0","0"
"exp","grade","Choice","5","2735","Danni","Base","exp","90","31","NULL","S[5]","0","1"
"exp","grade","Choice","2","2454","Carmen","MissingVBase","exp","93","1","NULL","S[5]","0","0"
"exp","grade","Choice","5","2550","Matthew","Comma","exp","95","22","NULL","S[5]","1","1"
"exp","grade","Choice","3","1946","Jackson","Base","exp","98","11","NULL","S[5]","0","1"
"exp","grade","Choice","5","2619","Hande","MissingVComma","exp","101","44","NULL","S[5]","1","0"
"exp","grade","Choice","1","2291","Danni","MissingVBase","exp","104","37","NULL","S[5]","0","0"
"exp","grade","Choice","2","2684","Will","Comma","exp","107","30","NULL","S[5]","1","1"
"exp","grade","Choice","1","1796","Carmen","Comma","exp","110","6","NULL","S[5]","1","1"
"exp","grade","Choice","4","2374","Jackson","MissingVComma","exp","113","12","NULL","S[5]","1","0"
"exp","grade","Choice","4","2168","Will","Comma","exp","115","26","NULL","S[5]","1","1"
"exp","grade","Choice","3","3476","Carmen","MissingVBase","exp","118","5","NULL","S[5]","0","0"
"exp","grade","Choice","4","2047","Matthew","MissingVComma","exp","121","20","NULL","S[5]","1","0"
"exp","grade","Choice","4","2863","Matthew","MissingVBase","exp","124","21","NULL","S[5]","0","0"
"exp","grade","Choice","3","2898","Will","MissingVBase","exp","127","25","NULL","S[5]","0","0"
"exp","grade","Choice","1","2026","Matthew","Base","exp","130","19","NULL","S[5]","0","1"
"exp","grade","Choice","5","1446","Carmen","Base","exp","133","3","NULL","S[5]","0","1"
"exp","grade","Choice","3","2394","Jackson","Comma","exp","135","14","NULL","S[5]","1","1"
"exp","grade","Choice","2","1902","Jackson","MissingVComma","exp","138","8","NULL","S[5]","1","0"
"exp","grade","Choice","4","2698","Tessa","Comma","exp","141","46","NULL","S[5]","1","1"
"exp","grade","Choice","7","2190","Will","MissingVComma","exp","144","28","NULL","S[5]","1","0"
"exp","grade","Choice","1","1836","Tessa","Comma","exp","147","50","NULL","S[5]","1","1"
"exp","grade","Choice","4","1958","Hande","Base","exp","150","39","NULL","S[5]","0","1"
"exp","grade","Choice","1","1890","Will","MissingVBase","exp","153","29","NULL","S[5]","0","0"
"exp","grade","Choice","4","3339","Matthew","MissingVBase","exp","10","22","NULL","S[6]","0","0"
"exp","grade","Choice","5","3634","Jackson","Base","exp","13","12","NULL","S[6]","0","1"
"exp","grade","Choice","1","1774","Matthew","Base","exp","16","20","NULL","S[6]","0","1"
"exp","grade","Choice","3","4153","Danni","MissingVBase","exp","19","34","NULL","S[6]","0","0"
"exp","grade","Choice","1","2832","Hande","Comma","exp","22","39","NULL","S[6]","1","1"
"exp","grade","Choice","1","3021","Jackson","Base","exp","25","8","NULL","S[6]","0","1"
"exp","grade","Choice","1","2170","Tessa","MissingVComma","exp","28","45","NULL","S[6]","1","0"
"exp","grade","Choice","1","2474","Jackson","MissingVComma","exp","31","13","NULL","S[6]","1","0"
"exp","grade","Choice","5","1584","Matthew","MissingVComma","exp","33","17","NULL","S[6]","1","0"
"exp","grade","Choice","1","1302","Will","MissingVBase","exp","36","26","NULL","S[6]","0","0"
"exp","grade","Choice","1","1436","Jackson","MissingVComma","exp","39","9","NULL","S[6]","1","0"
"exp","grade","Choice","4","3070","Danni","MissingVComma","exp","42","37","NULL","S[6]","1","0"
"exp","grade","Choice","3","2111","Will","MissingVComma","exp","45","25","NULL","S[6]","1","0"
"exp","grade","Choice","1","1782","Will","Comma","exp","48","23","NULL","S[6]","1","1"
"exp","grade","Choice","6","2731","Danni","Base","exp","51","36","NULL","S[6]","0","1"
"exp","grade","Choice","4","2165","Danni","Comma","exp","53","35","NULL","S[6]","1","1"
"exp","grade","Choice","5","3894","Tessa","MissingVComma","exp","56","49","NULL","S[6]","1","0"
"exp","grade","Choice","1","2048","Will","Base","exp","59","28","NULL","S[6]","0","1"
"exp","grade","Choice","1","1430","Tessa","Base","exp","62","48","NULL","S[6]","0","1"
"exp","grade","Choice","1","1304","Tessa","Comma","exp","65","47","NULL","S[6]","1","1"
"exp","grade","Choice","1","1366","Hande","MissingVBase","exp","68","38","NULL","S[6]","0","0"
"exp","grade","Choice","1","1556","Carmen","MissingVComma","exp","71","1","NULL","S[6]","1","0"
"exp","grade","Choice","5","1956","Matthew","Base","exp","73","16","NULL","S[6]","0","1"
"exp","grade","Choice","1","1320","Carmen","Base","exp","76","4","NULL","S[6]","0","1"
"exp","grade","Choice","4","2774","Hande","MissingVBase","exp","79","42","NULL","S[6]","0","0"
"exp","grade","Choice","6","2649","Carmen","MissingVBase","exp","82","2","NULL","S[6]","0","0"
"exp","grade","Choice","1","1462","Will","Comma","exp","85","27","NULL","S[6]","1","1"
"exp","grade","Choice","4","1992","Will","Base","exp","88","24","NULL","S[6]","0","1"
"exp","grade","Choice","4","1877","Danni","Base","exp","91","32","NULL","S[6]","0","1"
"exp","grade","Choice","5","1833","Jackson","Comma","exp","94","15","NULL","S[6]","1","1"
"exp","grade","Choice","5","1894","Danni","Comma","exp","96","31","NULL","S[6]","1","1"
"exp","grade","Choice","4","1873","Matthew","MissingVBase","exp","99","18","NULL","S[6]","0","0"
"exp","grade","Choice","1","1946","Will","MissingVBase","exp","102","30","NULL","S[6]","0","0"
"exp","grade","Choice","1","1522","Hande","Comma","exp","105","43","NULL","S[6]","1","1"
"exp","grade","Choice","1","1451","Hande","MissingVComma","exp","108","41","NULL","S[6]","1","0"
"exp","grade","Choice","3","2149","Will","MissingVComma","exp","111","29","NULL","S[6]","1","0"
"exp","grade","Choice","2","1545","Carmen","MissingVComma","exp","114","5","NULL","S[6]","1","0"
"exp","grade","Choice","2","2130","Matthew","Comma","exp","116","19","NULL","S[6]","1","1"
"exp","grade","Choice","1","1631","Hande","Base","exp","119","40","NULL","S[6]","0","1"
"exp","grade","Choice","1","1662","Jackson","MissingVBase","exp","122","14","NULL","S[6]","0","0"
"exp","grade","Choice","1","1344","Tessa","Comma","exp","125","51","NULL","S[6]","1","1"
"exp","grade","Choice","1","1655","Matthew","MissingVComma","exp","128","21","NULL","S[6]","1","0"
"exp","grade","Choice","1","1455","Hande","Base","exp","131","44","NULL","S[6]","0","1"
"exp","grade","Choice","2","2048","Jackson","Comma","exp","134","11","NULL","S[6]","1","1"
"exp","grade","Choice","2","2556","Carmen","Comma","exp","136","7","NULL","S[6]","1","1"
"exp","grade","Choice","2","2002","Tessa","MissingVBase","exp","139","46","NULL","S[6]","0","0"
"exp","grade","Choice","2","1634","Carmen","Comma","exp","142","3","NULL","S[6]","1","1"
"exp","grade","Choice","2","2712","Carmen","MissingVBase","exp","145","6","NULL","S[6]","0","0"
"exp","grade","Choice","1","1173","Tessa","MissingVBase","exp","148","50","NULL","S[6]","0","0"
"exp","grade","Choice","2","1392","Danni","MissingVComma","exp","151","33","NULL","S[6]","1","0"
"exp","grade","Choice","2","1586","Jackson","MissingVBase","exp","154","10","NULL","S[6]","0","0"
"exp","grade","Choice","1","3918","Matthew","Base","exp","10","17","NULL","S[7]","0","1"
"exp","grade","Choice","4","1919","Hande","MissingVBase","exp","13","43","NULL","S[7]","0","0"
"exp","grade","Choice","1","2599","Tessa","MissingVComma","exp","16","50","NULL","S[7]","1","0"
"exp","grade","Choice","2","3458","Jackson","MissingVBase","exp","19","11","NULL","S[7]","0","0"
"exp","grade","Choice","1","2311","Hande","MissingVComma","exp","22","38","NULL","S[7]","1","0"
"exp","grade","Choice","4","2979","Carmen","MissingVComma","exp","25","6","NULL","S[7]","1","0"
"exp","grade","Choice","3","5061","Will","MissingVBase","exp","28","27","NULL","S[7]","0","0"
"exp","grade","Choice","4","2189","Danni","MissingVComma","exp","31","34","NULL","S[7]","1","0"
"exp","grade","Choice","2","1569","Jackson","Comma","exp","33","12","NULL","S[7]","1","1"
"exp","grade","Choice","3","2256","Tessa","Base","exp","36","49","NULL","S[7]","0","1"
"exp","grade","Choice","2","2526","Will","MissingVComma","exp","39","26","NULL","S[7]","1","0"
"exp","grade","Choice","1","4969","Tessa","MissingVComma","exp","42","46","NULL","S[7]","1","0"
"exp","grade","Choice","4","2349","Will","Base","exp","45","25","NULL","S[7]","0","1"
"exp","grade","Choice","3","3647","Tessa","Comma","exp","48","48","NULL","S[7]","1","1"
"exp","grade","Choice","4","3332","Matthew","MissingVComma","exp","51","22","NULL","S[7]","1","0"
"exp","grade","Choice","2","3511","Jackson","MissingVBase","exp","53","15","NULL","S[7]","0","0"
"exp","grade","Choice","3","2216","Will","Comma","exp","56","28","NULL","S[7]","1","1"
"exp","grade","Choice","2","2059","Carmen","Base","exp","59","1","NULL","S[7]","0","1"
"exp","grade","Choice","5","3681","Danni","MissingVBase","exp","62","31","NULL","S[7]","0","0"
"exp","grade","Choice","4","3030","Danni","MissingVBase","exp","65","35","NULL","S[7]","0","0"
"exp","grade","Choice","2","2683","Jackson","Base","exp","68","9","NULL","S[7]","0","1"
"exp","grade","Choice","5","4098","Tessa","Base","exp","71","45","NULL","S[7]","0","1"
"exp","grade","Choice","2","1727","Danni","Comma","exp","82","36","NULL","S[7]","1","1"
"exp","grade","Choice","3","3530","Hande","MissingVBase","exp","88","39","NULL","S[7]","0","0"
"exp","grade","Choice","1","2306","Carmen","MissingVBase","exp","91","7","NULL","S[7]","0","0"
"exp","grade","Choice","4","3965","Hande","Comma","exp","94","44","NULL","S[7]","1","1"
"exp","grade","Choice","5","3301","Hande","Comma","exp","96","40","NULL","S[7]","1","1"
"exp","grade","Choice","3","5116","Danni","Base","exp","99","37","NULL","S[7]","0","1"
"exp","grade","Choice","3","2196","Danni","Comma","exp","102","32","NULL","S[7]","1","1"
"exp","grade","Choice","5","2198","Matthew","Comma","exp","108","16","NULL","S[7]","1","1"
"exp","grade","Choice","2","2274","Tessa","MissingVBase","exp","111","51","NULL","S[7]","0","0"
"exp","grade","Choice","3","3297","Carmen","MissingVBase","exp","114","3","NULL","S[7]","0","0"
"exp","grade","Choice","2","3802","Matthew","Comma","exp","116","20","NULL","S[7]","1","1"
"exp","grade","Choice","3","3253","Matthew","Base","exp","119","21","NULL","S[7]","0","1"
"exp","grade","Choice","2","4237","Will","MissingVBase","exp","122","23","NULL","S[7]","0","0"
"exp","grade","Choice","3","2642","Jackson","Base","exp","125","13","NULL","S[7]","0","1"
"exp","grade","Choice","4","2160","Will","MissingVComma","exp","128","30","NULL","S[7]","1","0"
"exp","grade","Choice","3","1976","Danni","Base","exp","131","33","NULL","S[7]","0","1"
"exp","grade","Choice","3","4726","Will","Comma","exp","134","24","NULL","S[7]","1","1"
"exp","grade","Choice","2","2096","Jackson","Comma","exp","136","8","NULL","S[7]","1","1"
"exp","grade","Choice","1","2862","Matthew","MissingVComma","exp","139","18","NULL","S[7]","1","0"
"exp","grade","Choice","2","3440","Hande","MissingVComma","exp","142","42","NULL","S[7]","1","0"
"exp","grade","Choice","2","3405","Matthew","MissingVBase","exp","145","19","NULL","S[7]","0","0"
"exp","grade","Choice","1","4521","Carmen","MissingVComma","exp","148","2","NULL","S[7]","1","0"
"exp","grade","Choice","5","2243","Hande","Base","exp","154","41","NULL","S[7]","0","1"
"exp","grade","Choice",NA,"5507","Will","Base","exp","151","29","No selection happened","S[7]","0","1"
"exp","grade","Choice",NA,"5509","Tessa","MissingVBase","exp","105","47","No selection happened","S[7]","0","0"
"exp","grade","Choice",NA,"5513","Carmen","Base","exp","85","5","No selection happened","S[7]","0","1"
"exp","grade","Choice",NA,"5510","Jackson","MissingVComma","exp","79","14","No selection happened","S[7]","1","0"
"exp","grade","Choice",NA,"5510","Jackson","MissingVComma","exp","76","10","No selection happened","S[7]","1","0"
"exp","grade","Choice",NA,"5514","Carmen","Comma","exp","73","4","No selection happened","S[7]","1","1"
"exp","grade","Choice","1","1765","Will","Base","exp","10","26","NULL","S[8]","0","1"
"exp","grade","Choice","4","2652","Carmen","Comma","exp","13","5","NULL","S[8]","1","1"
"exp","grade","Choice","2","2605","Tessa","Base","exp","16","50","NULL","S[8]","0","1"
"exp","grade","Choice","2","2574","Danni","Comma","exp","19","37","NULL","S[8]","1","1"
"exp","grade","Choice","1","2794","Will","MissingVBase","exp","22","28","NULL","S[8]","0","0"
"exp","grade","Choice","3","1943","Will","Comma","exp","25","29","NULL","S[8]","1","1"
"exp","grade","Choice","4","2229","Hande","Comma","exp","28","41","NULL","S[8]","1","1"
"exp","grade","Choice","4","2509","Jackson","Base","exp","31","14","NULL","S[8]","0","1"
"exp","grade","Choice","2","1429","Jackson","Comma","exp","33","13","NULL","S[8]","1","1"
"exp","grade","Choice","2","1843","Carmen","Base","exp","36","2","NULL","S[8]","0","1"
"exp","grade","Choice","2","1748","Carmen","Comma","exp","39","1","NULL","S[8]","1","1"
"exp","grade","Choice","2","2467","Hande","MissingVComma","exp","42","43","NULL","S[8]","1","0"
"exp","grade","Choice","4","1466","Tessa","Comma","exp","45","49","NULL","S[8]","1","1"
"exp","grade","Choice","4","2812","Carmen","Base","exp","48","6","NULL","S[8]","0","1"
"exp","grade","Choice","3","3186","Jackson","Comma","exp","51","9","NULL","S[8]","1","1"
"exp","grade","Choice","1","2035","Jackson","MissingVBase","exp","53","12","NULL","S[8]","0","0"
"exp","grade","Choice","4","2554","Tessa","Base","exp","56","46","NULL","S[8]","0","1"
"exp","grade","Choice","5","1572","Hande","Base","exp","59","42","NULL","S[8]","0","1"
"exp","grade","Choice","3","1726","Hande","MissingVComma","exp","62","39","NULL","S[8]","1","0"
"exp","grade","Choice","1","1548","Danni","MissingVComma","exp","65","31","NULL","S[8]","1","0"
"exp","grade","Choice","2","2342","Matthew","Base","exp","68","18","NULL","S[8]","0","1"
"exp","grade","Choice","1","3388","Hande","MissingVBase","exp","71","40","NULL","S[8]","0","0"
"exp","grade","Choice","4","2142","Jackson","Base","exp","73","10","NULL","S[8]","0","1"
"exp","grade","Choice","2","2347","Carmen","MissingVBase","exp","76","4","NULL","S[8]","0","0"
"exp","grade","Choice","3","2770","Matthew","Comma","exp","79","21","NULL","S[8]","1","1"
"exp","grade","Choice","4","2141","Matthew","Base","exp","82","22","NULL","S[8]","0","1"
"exp","grade","Choice","1","2843","Will","MissingVComma","exp","85","23","NULL","S[8]","1","0"
"exp","grade","Choice","3","1888","Hande","Base","exp","88","38","NULL","S[8]","0","1"
"exp","grade","Choice","5","2226","Danni","MissingVBase","exp","91","32","NULL","S[8]","0","0"
"exp","grade","Choice","1","2454","Carmen","MissingVComma","exp","94","3","NULL","S[8]","1","0"
"exp","grade","Choice","2","2696","Danni","MissingVBase","exp","96","36","NULL","S[8]","0","0"
"exp","grade","Choice","2","2602","Tessa","MissingVComma","exp","99","51","NULL","S[8]","1","0"
"exp","grade","Choice","2","2215","Hande","MissingVBase","exp","102","44","NULL","S[8]","0","0"
"exp","grade","Choice","5","2625","Will","Comma","exp","105","25","NULL","S[8]","1","1"
"exp","grade","Choice","1","1869","Jackson","MissingVComma","exp","108","11","NULL","S[8]","1","0"
"exp","grade","Choice","2","1308","Danni","MissingVComma","exp","111","35","NULL","S[8]","1","0"
"exp","grade","Choice","2","2266","Will","Base","exp","114","30","NULL","S[8]","0","1"
"exp","grade","Choice","1","2353","Tessa","Comma","exp","116","45","NULL","S[8]","1","1"
"exp","grade","Choice","1","2707","Matthew","MissingVBase","exp","119","16","NULL","S[8]","0","0"
"exp","grade","Choice","4","2377","Danni","Comma","exp","122","33","NULL","S[8]","1","1"
"exp","grade","Choice","3","2987","Tessa","MissingVBase","exp","125","48","NULL","S[8]","0","0"
"exp","grade","Choice","1","1575","Jackson","MissingVBase","exp","128","8","NULL","S[8]","0","0"
"exp","grade","Choice","2","1626","Tessa","MissingVComma","exp","131","47","NULL","S[8]","1","0"
"exp","grade","Choice","2","2239","Matthew","MissingVComma","exp","134","19","NULL","S[8]","1","0"
"exp","grade","Choice","4","1229","Matthew","Comma","exp","136","17","NULL","S[8]","1","1"
"exp","grade","Choice","2","2211","Matthew","MissingVBase","exp","139","20","NULL","S[8]","0","0"
"exp","grade","Choice","2","2530","Will","MissingVBase","exp","142","24","NULL","S[8]","0","0"
"exp","grade","Choice","4","2557","Danni","Base","exp","145","34","NULL","S[8]","0","1"
"exp","grade","Choice","1","2875","Will","MissingVComma","exp","148","27","NULL","S[8]","1","0"
"exp","grade","Choice","1","2897","Jackson","MissingVComma","exp","151","15","NULL","S[8]","1","0"
"exp","grade","Choice","1","1637","Carmen","MissingVComma","exp","154","7","NULL","S[8]","1","0"
"exp","grade","Choice","2","1777","Carmen","MissingVBase","exp","10","6","NULL","S[9]","0","0"
"exp","grade","Choice","3","2071","Matthew","Comma","exp","13","19","NULL","S[9]","1","1"
"exp","grade","Choice","7","2573","Hande","Base","exp","16","44","NULL","S[9]","0","1"
"exp","grade","Choice","7","2519","Hande","Base","exp","19","40","NULL","S[9]","0","1"
"exp","grade","Choice","1","1637","Will","MissingVBase","exp","22","30","NULL","S[9]","0","0"
"exp","grade","Choice","3","3092","Will","MissingVComma","exp","25","29","NULL","S[9]","1","0"
"exp","grade","Choice","5","2376","Danni","MissingVBase","exp","28","34","NULL","S[9]","0","0"
"exp","grade","Choice","5","3722","Danni","MissingVComma","exp","31","33","NULL","S[9]","1","0"
"exp","grade","Choice","6","2341","Danni","MissingVComma","exp","33","37","NULL","S[9]","1","0"
"exp","grade","Choice","5","2303","Will","Base","exp","36","24","NULL","S[9]","0","1"
"exp","grade","Choice","4","3099","Carmen","MissingVComma","exp","39","5","NULL","S[9]","1","0"
"exp","grade","Choice","7","1745","Carmen","Comma","exp","42","3","NULL","S[9]","1","1"
"exp","grade","Choice","3","1981","Will","Base","exp","45","28","NULL","S[9]","0","1"
"exp","grade","Choice","6","1759","Hande","MissingVBase","exp","48","42","NULL","S[9]","0","0"
"exp","grade","Choice","1","3214","Will","MissingVBase","exp","51","26","NULL","S[9]","0","0"
"exp","grade","Choice","6","1883","Jackson","MissingVComma","exp","53","13","NULL","S[9]","1","0"
"exp","grade","Choice","1","1944","Carmen","Base","exp","56","4","NULL","S[9]","0","1"
"exp","grade","Choice","4","3988","Hande","Comma","exp","59","39","NULL","S[9]","1","1"
"exp","grade","Choice","3","2771","Will","MissingVComma","exp","62","25","NULL","S[9]","1","0"
"exp","grade","Choice","5","2807","Jackson","Comma","exp","65","15","NULL","S[9]","1","1"
"exp","grade","Choice","5","2635","Jackson","Base","exp","68","12","NULL","S[9]","0","1"
"exp","grade","Choice","3","3739","Carmen","MissingVBase","exp","71","2","NULL","S[9]","0","0"
"exp","grade","Choice","3","2327","Matthew","MissingVComma","exp","73","21","NULL","S[9]","1","0"
"exp","grade","Choice","4","2110","Tessa","MissingVBase","exp","76","50","NULL","S[9]","0","0"
"exp","grade","Choice","4","3289","Tessa","MissingVBase","exp","79","46","NULL","S[9]","0","0"
"exp","grade","Choice","5","3733","Jackson","MissingVBase","exp","82","10","NULL","S[9]","0","0"
"exp","grade","Choice","1","1600","Carmen","MissingVComma","exp","85","1","NULL","S[9]","1","0"
"exp","grade","Choice","4","2066","Danni","Base","exp","88","36","NULL","S[9]","0","1"
"exp","grade","Choice","4","1485","Hande","MissingVBase","exp","91","38","NULL","S[9]","0","0"
"exp","grade","Choice","2","2036","Jackson","MissingVComma","exp","94","9","NULL","S[9]","1","0"
"exp","grade","Choice","3","2756","Matthew","MissingVComma","exp","96","17","NULL","S[9]","1","0"
"exp","grade","Choice","4","2925","Danni","Comma","exp","99","35","NULL","S[9]","1","1"
"exp","grade","Choice","3","2817","Jackson","MissingVBase","exp","102","14","NULL","S[9]","0","0"
"exp","grade","Choice","5","2156","Hande","Comma","exp","105","43","NULL","S[9]","1","1"
"exp","grade","Choice","4","2761","Matthew","Base","exp","108","16","NULL","S[9]","0","1"
"exp","grade","Choice","3","3389","Danni","Comma","exp","111","31","NULL","S[9]","1","1"
"exp","grade","Choice","5","2341","Carmen","Comma","exp","114","7","NULL","S[9]","1","1"
"exp","grade","Choice","1","2017","Will","Comma","exp","116","27","NULL","S[9]","1","1"
"exp","grade","Choice","2","2888","Tessa","Comma","exp","119","51","NULL","S[9]","1","1"
"exp","grade","Choice","2","2798","Tessa","MissingVComma","exp","122","45","NULL","S[9]","1","0"
"exp","grade","Choice","3","2180","Jackson","Comma","exp","125","11","NULL","S[9]","1","1"
"exp","grade","Choice","3","3697","Danni","Base","exp","128","32","NULL","S[9]","0","1"
"exp","grade","Choice","2","4011","Matthew","MissingVBase","exp","131","22","NULL","S[9]","0","0"
"exp","grade","Choice","2","2281","Matthew","MissingVBase","exp","134","18","NULL","S[9]","0","0"
"exp","grade","Choice","1","2200","Tessa","Comma","exp","136","47","NULL","S[9]","1","1"
"exp","grade","Choice","1","1818","Tessa","Base","exp","139","48","NULL","S[9]","0","1"
"exp","grade","Choice","4","1533","Tessa","MissingVComma","exp","142","49","NULL","S[9]","1","0"
"exp","grade","Choice","2","2407","Will","Comma","exp","145","23","NULL","S[9]","1","1"
"exp","grade","Choice","1","2066","Jackson","Base","exp","148","8","NULL","S[9]","0","1"
"exp","grade","Choice","4","1821","Hande","MissingVComma","exp","151","41","NULL","S[9]","1","0"
"exp","grade","Choice","1","1469","Matthew","Base","exp","154","20","NULL","S[9]","0","1"
"exp","grade","Choice","5","3028","Jackson","Comma","exp","10","12","NULL","S[10]","1","1"
"exp","grade","Choice","2","5505","Tessa","Comma","exp","12","48","NULL","S[10]","1","1"
"exp","grade","Choice","5","3055","Danni","Comma","exp","15","32","NULL","S[10]","1","1"
"exp","grade","Choice","6","2531","Matthew","MissingVComma","exp","18","22","NULL","S[10]","1","0"
"exp","grade","Choice","4","2009","Carmen","Base","exp","21","1","NULL","S[10]","0","1"
"exp","grade","Choice","1","3068","Will","MissingVComma","exp","24","30","NULL","S[10]","1","0"
"exp","grade","Choice","1","2565","Matthew","MissingVComma","exp","27","18","NULL","S[10]","1","0"
"exp","grade","Choice","4","4011","Will","Comma","exp","30","28","NULL","S[10]","1","1"
"exp","grade","Choice","5","2436","Danni","Base","exp","32","33","NULL","S[10]","0","1"
"exp","grade","Choice","4","2249","Carmen","Base","exp","35","5","NULL","S[10]","0","1"
"exp","grade","Choice","7","3241","Tessa","MissingVComma","exp","38","46","NULL","S[10]","1","0"
"exp","grade","Choice","2","2070","Tessa","MissingVBase","exp","41","47","NULL","S[10]","0","0"
"exp","grade","Choice","3","2534","Jackson","MissingVBase","exp","44","11","NULL","S[10]","0","0"
"exp","grade","Choice","2","1726","Matthew","Base","exp","47","21","NULL","S[10]","0","1"
"exp","grade","Choice","4","1982","Jackson","Base","exp","50","9","NULL","S[10]","0","1"
"exp","grade","Choice","5","2599","Danni","Comma","exp","52","36","NULL","S[10]","1","1"
"exp","grade","Choice","6","1746","Danni","MissingVComma","exp","55","34","NULL","S[10]","1","0"
"exp","grade","Choice","5","1931","Matthew","MissingVBase","exp","58","19","NULL","S[10]","0","0"
"exp","grade","Choice","5","3193","Hande","MissingVBase","exp","61","39","NULL","S[10]","0","0"
"exp","grade","Choice","5","3029","Will","Base","exp","64","25","NULL","S[10]","0","1"
"exp","grade","Choice","5","2314","Matthew","Comma","exp","67","20","NULL","S[10]","1","1"
"exp","grade","Choice","5","1930","Tessa","Base","exp","70","49","NULL","S[10]","0","1"
"exp","grade","Choice","4","2805","Will","MissingVBase","exp","72","23","NULL","S[10]","0","0"
"exp","grade","Choice","4","3874","Tessa","MissingVComma","exp","75","50","NULL","S[10]","1","0"
"exp","grade","Choice","5","1817","Danni","MissingVBase","exp","78","31","NULL","S[10]","0","0"
"exp","grade","Choice","3","2893","Jackson","Base","exp","81","13","NULL","S[10]","0","1"
"exp","grade","Choice","3","1994","Jackson","Comma","exp","84","8","NULL","S[10]","1","1"
"exp","grade","Choice","4","2498","Matthew","Base","exp","87","17","NULL","S[10]","0","1"
"exp","grade","Choice","5","3740","Jackson","MissingVBase","exp","90","15","NULL","S[10]","0","0"
"exp","grade","Choice","6","2831","Carmen","MissingVComma","exp","93","6","NULL","S[10]","1","0"
"exp","grade","Choice","2","2688","Hande","MissingVComma","exp","95","38","NULL","S[10]","1","0"
"exp","grade","Choice","7","1870","Hande","MissingVComma","exp","98","42","NULL","S[10]","1","0"
"exp","grade","Choice","5","1933","Jackson","MissingVComma","exp","101","10","NULL","S[10]","1","0"
"exp","grade","Choice","5","2215","Hande","MissingVBase","exp","104","43","NULL","S[10]","0","0"
"exp","grade","Choice","3","2069","Danni","MissingVBase","exp","107","35","NULL","S[10]","0","0"
"exp","grade","Choice","6","1686","Will","Comma","exp","110","24","NULL","S[10]","1","1"
"exp","grade","Choice","2","2869","Carmen","Comma","exp","113","4","NULL","S[10]","1","1"
"exp","grade","Choice","3","2200","Will","MissingVBase","exp","115","27","NULL","S[10]","0","0"
"exp","grade","Choice","3","4723","Carmen","MissingVBase","exp","118","3","NULL","S[10]","0","0"
"exp","grade","Choice","2","1741","Tessa","Base","exp","121","45","NULL","S[10]","0","1"
"exp","grade","Choice","3","3066","Matthew","Comma","exp","124","16","NULL","S[10]","1","1"
"exp","grade","Choice","7","2806","Carmen","MissingVComma","exp","127","2","NULL","S[10]","1","0"
"exp","grade","Choice","1","1769","Jackson","MissingVComma","exp","130","14","NULL","S[10]","1","0"
"exp","grade","Choice","4","2969","Carmen","MissingVBase","exp","133","7","NULL","S[10]","0","0"
"exp","grade","Choice","1","2007","Will","Base","exp","135","29","NULL","S[10]","0","1"
"exp","grade","Choice","4","1772","Hande","Comma","exp","138","44","NULL","S[10]","1","1"
"exp","grade","Choice","4","1864","Danni","Base","exp","141","37","NULL","S[10]","0","1"
"exp","grade","Choice","5","1583","Hande","Base","exp","144","41","NULL","S[10]","0","1"
"exp","grade","Choice","5","2043","Will","MissingVComma","exp","147","26","NULL","S[10]","1","0"
"exp","grade","Choice","3","1835","Hande","Comma","exp","150","40","NULL","S[10]","1","1"
"exp","grade","Choice","2","2416","Tessa","MissingVBase","exp","153","51","NULL","S[10]","0","0"
"exp","grade","Choice","4","1529","Carmen","Comma","exp","10","6","NULL","S[11]","1","1"
"exp","grade","Choice","5","2213","Danni","MissingVComma","exp","13","36","NULL","S[11]","1","0"
"exp","grade","Choice","1","2357","Matthew","MissingVBase","exp","16","21","NULL","S[11]","0","0"
"exp","grade","Choice","2","1924","Matthew","Base","exp","19","19","NULL","S[11]","0","1"
"exp","grade","Choice","3","3300","Hande","Base","exp","22","43","NULL","S[11]","0","1"
"exp","grade","Choice","6","2407","Hande","MissingVComma","exp","25","44","NULL","S[11]","1","0"
"exp","grade","Choice","1","3186","Jackson","MissingVBase","exp","28","9","NULL","S[11]","0","0"
"exp","grade","Choice","2","2350","Danni","Comma","exp","31","34","NULL","S[11]","1","1"
"exp","grade","Choice","2","4319","Matthew","Comma","exp","33","22","NULL","S[11]","1","1"
"exp","grade","Choice","4","2365","Hande","Comma","exp","36","38","NULL","S[11]","1","1"
"exp","grade","Choice","3","5513","Will","Base","exp","39","27","NULL","S[11]","0","1"
"exp","grade","Choice","3","1522","Will","MissingVComma","exp","42","28","NULL","S[11]","1","0"
"exp","grade","Choice","1","3435","Jackson","MissingVComma","exp","45","12","NULL","S[11]","1","0"
"exp","grade","Choice","5","4662","Matthew","Comma","exp","48","18","NULL","S[11]","1","1"
"exp","grade","Choice","5","2305","Hande","Comma","exp","51","42","NULL","S[11]","1","1"
"exp","grade","Choice","4","3187","Danni","Base","exp","53","35","NULL","S[11]","0","1"
"exp","grade","Choice","1","2511","Jackson","Comma","exp","56","14","NULL","S[11]","1","1"
"exp","grade","Choice","1","2464","Matthew","MissingVBase","exp","59","17","NULL","S[11]","0","0"
"exp","grade","Choice","4","2728","Will","Comma","exp","62","26","NULL","S[11]","1","1"
"exp","grade","Choice","3","3243","Jackson","MissingVBase","exp","65","13","NULL","S[11]","0","0"
"exp","grade","Choice","3","2816","Hande","MissingVComma","exp","68","40","NULL","S[11]","1","0"
"exp","grade","Choice","4","3833","Danni","Base","exp","71","31","NULL","S[11]","0","1"
"exp","grade","Choice","4","3085","Jackson","Comma","exp","73","10","NULL","S[11]","1","1"
"exp","grade","Choice","4","3803","Will","MissingVBase","exp","79","25","NULL","S[11]","0","0"
"exp","grade","Choice","4","3686","Carmen","MissingVBase","exp","82","5","NULL","S[11]","0","0"
"exp","grade","Choice","1","4463","Will","MissingVBase","exp","85","29","NULL","S[11]","0","0"
"exp","grade","Choice","6","3304","Tessa","Base","exp","88","47","NULL","S[11]","0","1"
"exp","grade","Choice","5","1995","Jackson","Base","exp","91","15","NULL","S[11]","0","1"
"exp","grade","Choice","1","2940","Will","Comma","exp","94","30","NULL","S[11]","1","1"
"exp","grade","Choice","1","2313","Tessa","Comma","exp","96","46","NULL","S[11]","1","1"
"exp","grade","Choice","5","3432","Jackson","Base","exp","99","11","NULL","S[11]","0","1"
"exp","grade","Choice","2","2056","Jackson","MissingVComma","exp","102","8","NULL","S[11]","1","0"
"exp","grade","Choice","5","2593","Danni","MissingVBase","exp","105","33","NULL","S[11]","0","0"
"exp","grade","Choice","1","5128","Carmen","MissingVComma","exp","108","4","NULL","S[11]","1","0"
"exp","grade","Choice","2","3414","Will","MissingVComma","exp","111","24","NULL","S[11]","1","0"
"exp","grade","Choice","2","4414","Hande","Base","exp","114","39","NULL","S[11]","0","1"
"exp","grade","Choice","1","2913","Carmen","MissingVBase","exp","116","1","NULL","S[11]","0","0"
"exp","grade","Choice","4","5509","Tessa","MissingVComma","exp","119","48","NULL","S[11]","1","0"
"exp","grade","Choice","4","2909","Tessa","MissingVBase","exp","122","45","NULL","S[11]","0","0"
"exp","grade","Choice","3","3757","Matthew","MissingVComma","exp","125","16","NULL","S[11]","1","0"
"exp","grade","Choice","3","2340","Hande","MissingVBase","exp","131","41","NULL","S[11]","0","0"
"exp","grade","Choice","4","4045","Carmen","Base","exp","134","3","NULL","S[11]","0","1"
"exp","grade","Choice","5","2408","Danni","MissingVComma","exp","136","32","NULL","S[11]","1","0"
"exp","grade","Choice","1","2549","Tessa","Base","exp","139","51","NULL","S[11]","0","1"
"exp","grade","Choice","4","3320","Matthew","MissingVComma","exp","142","20","NULL","S[11]","1","0"
"exp","grade","Choice","1","4269","Tessa","MissingVBase","exp","145","49","NULL","S[11]","0","0"
"exp","grade","Choice","4","3142","Carmen","Comma","exp","148","2","NULL","S[11]","1","1"
"exp","grade","Choice","1","4862","Will","Base","exp","151","23","NULL","S[11]","0","1"
"exp","grade","Choice","4","2282","Tessa","Comma","exp","154","50","NULL","S[11]","1","1"
"exp","grade","Choice",NA,"5508","Danni","MissingVBase","exp","128","37","No selection happened","S[11]","0","0"
"exp","grade","Choice",NA,"5512","Carmen","Base","exp","76","7","No selection happened","S[11]","0","1"
"exp","grade","Choice","2","3148","Danni","Base","exp","10","31","NULL","S[12]","0","1"
"exp","grade","Choice","2","2289","Tessa","MissingVBase","exp","12","45","NULL","S[12]","0","0"
"exp","grade","Choice","1","1321","Tessa","Comma","exp","15","46","NULL","S[12]","1","1"
"exp","grade","Choice","1","1338","Carmen","Comma","exp","18","6","NULL","S[12]","1","1"
"exp","grade","Choice","7","1235","Danni","MissingVComma","exp","21","36","NULL","S[12]","1","0"
"exp","grade","Choice","2","1333","Matthew","Comma","exp","24","22","NULL","S[12]","1","1"
"exp","grade","Choice","1","2310","Tessa","Comma","exp","27","50","NULL","S[12]","1","1"
"exp","grade","Choice","7","2595","Matthew","MissingVComma","exp","30","16","NULL","S[12]","1","0"
"exp","grade","Choice","1","2336","Hande","MissingVComma","exp","32","40","NULL","S[12]","1","0"
"exp","grade","Choice","1","3480","Danni","MissingVBase","exp","35","33","NULL","S[12]","0","0"
"exp","grade","Choice","2","3952","Will","MissingVBase","exp","38","25","NULL","S[12]","0","0"
"exp","grade","Choice","2","3682","Jackson","Base","exp","41","15","NULL","S[12]","0","1"
"exp","grade","Choice","1","1965","Carmen","MissingVBase","exp","44","1","NULL","S[12]","0","0"
"exp","grade","Choice","2","2141","Carmen","Comma","exp","47","2","NULL","S[12]","1","1"
"exp","grade","Choice","1","1980","Matthew","Base","exp","50","19","NULL","S[12]","0","1"
"exp","grade","Choice","1","2409","Tessa","Base","exp","52","47","NULL","S[12]","0","1"
"exp","grade","Choice","5","2037","Tessa","MissingVComma","exp","55","48","NULL","S[12]","1","0"
"exp","grade","Choice","2","1237","Danni","MissingVBase","exp","58","37","NULL","S[12]","0","0"
"exp","grade","Choice","6","3001","Will","MissingVComma","exp","61","28","NULL","S[12]","1","0"
"exp","grade","Choice","2","3102","Jackson","MissingVBase","exp","64","13","NULL","S[12]","0","0"
"exp","grade","Choice","7","3418","Hande","MissingVComma","exp","67","44","NULL","S[12]","1","0"
"exp","grade","Choice","1","4867","Carmen","MissingVComma","exp","70","4","NULL","S[12]","1","0"
"exp","grade","Choice","2","2729","Danni","Base","exp","72","35","NULL","S[12]","0","1"
"exp","grade","Choice","1","2310","Jackson","Base","exp","75","11","NULL","S[12]","0","1"
"exp","grade","Choice","2","1566","Carmen","MissingVBase","exp","78","5","NULL","S[12]","0","0"
"exp","grade","Choice","1","2741","Will","MissingVBase","exp","81","29","NULL","S[12]","0","0"
"exp","grade","Choice","3","1406","Matthew","Comma","exp","84","18","NULL","S[12]","1","1"
"exp","grade","Choice","5","1721","Jackson","Comma","exp","87","14","NULL","S[12]","1","1"
"exp","grade","Choice","1","2928","Carmen","Base","exp","90","7","NULL","S[12]","0","1"
"exp","grade","Choice","3","1023","Carmen","Base","exp","93","3","NULL","S[12]","0","1"
"exp","grade","Choice","3","2378","Hande","Base","exp","95","39","NULL","S[12]","0","1"
"exp","grade","Choice","6","2164","Hande","Comma","exp","98","42","NULL","S[12]","1","1"
"exp","grade","Choice","6","2417","Jackson","Comma","exp","101","10","NULL","S[12]","1","1"
"exp","grade","Choice","5","2965","Jackson","MissingVComma","exp","104","8","NULL","S[12]","1","0"
"exp","grade","Choice","7","3169","Jackson","MissingVBase","exp","107","9","NULL","S[12]","0","0"
"exp","grade","Choice","3","3164","Will","Base","exp","110","27","NULL","S[12]","0","1"
"exp","grade","Choice","3","1961","Will","Comma","exp","113","26","NULL","S[12]","1","1"
"exp","grade","Choice","5","2608","Danni","MissingVComma","exp","115","32","NULL","S[12]","1","0"
"exp","grade","Choice","1","2321","Will","Comma","exp","118","30","NULL","S[12]","1","1"
"exp","grade","Choice","6","1482","Hande","MissingVBase","exp","121","41","NULL","S[12]","0","0"
"exp","grade","Choice","2","1680","Matthew","MissingVComma","exp","124","20","NULL","S[12]","1","0"
"exp","grade","Choice","6","2412","Danni","Comma","exp","127","34","NULL","S[12]","1","1"
"exp","grade","Choice","1","1499","Tessa","Base","exp","130","51","NULL","S[12]","0","1"
"exp","grade","Choice","1","2076","Matthew","MissingVBase","exp","133","17","NULL","S[12]","0","0"
"exp","grade","Choice","2","2655","Hande","Base","exp","135","43","NULL","S[12]","0","1"
"exp","grade","Choice","5","1804","Hande","Comma","exp","138","38","NULL","S[12]","1","1"
"exp","grade","Choice","3","2192","Will","Base","exp","141","23","NULL","S[12]","0","1"
"exp","grade","Choice","5","1453","Will","MissingVComma","exp","144","24","NULL","S[12]","1","0"
"exp","grade","Choice","5","2136","Tessa","MissingVBase","exp","147","49","NULL","S[12]","0","0"
"exp","grade","Choice","2","1512","Jackson","MissingVComma","exp","150","12","NULL","S[12]","1","0"
"exp","grade","Choice","1","2166","Matthew","MissingVBase","exp","153","21","NULL","S[12]","0","0"
"exp","grade","Choice","1","1508","Will","Base","exp","10","26","NULL","S[13]","0","1"
"exp","grade","Choice","5","1430","Matthew","MissingVBase","exp","12","16","NULL","S[13]","0","0"
"exp","grade","Choice","1","1356","Danni","MissingVComma","exp","15","35","NULL","S[13]","1","0"
"exp","grade","Choice","1","1208","Will","MissingVComma","exp","18","27","NULL","S[13]","1","0"
"exp","grade","Choice","7","1450","Danni","Comma","exp","21","33","NULL","S[13]","1","1"
"exp","grade","Choice","7","2640","Jackson","Base","exp","24","14","NULL","S[13]","0","1"
"exp","grade","Choice","1","1407","Carmen","MissingVComma","exp","27","7","NULL","S[13]","1","0"
"exp","grade","Choice","1","1632","Jackson","MissingVBase","exp","30","12","NULL","S[13]","0","0"
"exp","grade","Choice","7","1227","Matthew","Comma","exp","32","17","NULL","S[13]","1","1"
"exp","grade","Choice","6","1272","Matthew","MissingVBase","exp","35","20","NULL","S[13]","0","0"
"exp","grade","Choice","1","1103","Will","Comma","exp","38","29","NULL","S[13]","1","1"
"exp","grade","Choice","7","1697","Hande","Comma","exp","41","41","NULL","S[13]","1","1"
"exp","grade","Choice","1","3912","Matthew","Base","exp","44","22","NULL","S[13]","0","1"
"exp","grade","Choice","1","1295","Danni","Base","exp","47","34","NULL","S[13]","0","1"
"exp","grade","Choice","4","4588","Hande","Base","exp","52","42","NULL","S[13]","0","1"
"exp","grade","Choice","1","1305","Danni","Comma","exp","55","37","NULL","S[13]","1","1"
"exp","grade","Choice","1","1287","Tessa","MissingVBase","exp","58","48","NULL","S[13]","0","0"
"exp","grade","Choice","5","3970","Jackson","Comma","exp","61","13","NULL","S[13]","1","1"
"exp","grade","Choice","7","1550","Carmen","MissingVComma","exp","64","3","NULL","S[13]","1","0"
"exp","grade","Choice","1","5511","Matthew","Comma","exp","67","21","NULL","S[13]","1","1"
"exp","grade","Choice","6","1358","Matthew","Base","exp","70","18","NULL","S[13]","0","1"
"exp","grade","Choice","1","3317","Jackson","Comma","exp","72","9","NULL","S[13]","1","1"
"exp","grade","Choice","1","2438","Will","Base","exp","75","30","NULL","S[13]","0","1"
"exp","grade","Choice","7","5478","Will","MissingVComma","exp","78","23","NULL","S[13]","1","0"
"exp","grade","Choice","7","1578","Tessa","Base","exp","81","46","NULL","S[13]","0","1"
"exp","grade","Choice","6","2240","Danni","MissingVComma","exp","84","31","NULL","S[13]","1","0"
"exp","grade","Choice","7","1543","Tessa","MissingVComma","exp","87","47","NULL","S[13]","1","0"
"exp","grade","Choice","2","1610","Tessa","Comma","exp","90","45","NULL","S[13]","1","1"
"exp","grade","Choice","1","2231","Tessa","MissingVComma","exp","93","51","NULL","S[13]","1","0"
"exp","grade","Choice","6","1375","Matthew","MissingVComma","exp","95","19","NULL","S[13]","1","0"
"exp","grade","Choice","1","1184","Tessa","Base","exp","98","50","NULL","S[13]","0","1"
"exp","grade","Choice","7","1387","Danni","MissingVBase","exp","101","32","NULL","S[13]","0","0"
"exp","grade","Choice","7","2122","Jackson","MissingVComma","exp","104","11","NULL","S[13]","1","0"
"exp","grade","Choice","4","3590","Hande","MissingVBase","exp","107","44","NULL","S[13]","0","0"
"exp","grade","Choice","7","2048","Jackson","Base","exp","110","10","NULL","S[13]","0","1"
"exp","grade","Choice","2","1593","Danni","MissingVBase","exp","113","36","NULL","S[13]","0","0"
"exp","grade","Choice","5","1481","Carmen","Base","exp","115","2","NULL","S[13]","0","1"
"exp","grade","Choice","1","1565","Jackson","MissingVBase","exp","118","8","NULL","S[13]","0","0"
"exp","grade","Choice","1","1593","Jackson","MissingVComma","exp","121","15","NULL","S[13]","1","0"
"exp","grade","Choice","3","1590","Hande","MissingVComma","exp","124","39","NULL","S[13]","1","0"
"exp","grade","Choice","2","1192","Carmen","Comma","exp","127","1","NULL","S[13]","1","1"
"exp","grade","Choice","7","1256","Tessa","Comma","exp","130","49","NULL","S[13]","1","1"
"exp","grade","Choice","7","1732","Carmen","Base","exp","133","6","NULL","S[13]","0","1"
"exp","grade","Choice","1","1663","Will","MissingVBase","exp","135","28","NULL","S[13]","0","0"
"exp","grade","Choice","1","1566","Will","MissingVBase","exp","138","24","NULL","S[13]","0","0"
"exp","grade","Choice","4","2819","Hande","Base","exp","141","38","NULL","S[13]","0","1"
"exp","grade","Choice","7","1298","Carmen","Comma","exp","144","5","NULL","S[13]","1","1"
"exp","grade","Choice","7","2292","Will","Comma","exp","147","25","NULL","S[13]","1","1"
"exp","grade","Choice","2","1433","Hande","MissingVBase","exp","150","40","NULL","S[13]","0","0"
"exp","grade","Choice","2","1750","Carmen","MissingVBase","exp","153","4","NULL","S[13]","0","0"
"exp","grade","Choice",NA,"5512","Hande","MissingVComma","exp","50","43","No selection happened","S[13]","1","0"
"exp","grade","Choice","1","3993","Tessa","Base","exp","10","47","NULL","S[14]","0","1"
"exp","grade","Choice","1","3435","Hande","MissingVComma","exp","12","40","NULL","S[14]","1","0"
"exp","grade","Choice","2","3499","Carmen","MissingVBase","exp","15","5","NULL","S[14]","0","0"
"exp","grade","Choice","1","2826","Matthew","MissingVComma","exp","18","20","NULL","S[14]","1","0"
"exp","grade","Choice","5","2305","Will","MissingVBase","exp","21","29","NULL","S[14]","0","0"
"exp","grade","Choice","2","3820","Danni","Comma","exp","24","34","NULL","S[14]","1","1"
"exp","grade","Choice","2","4526","Will","Base","exp","27","23","NULL","S[14]","0","1"
"exp","grade","Choice","1","2418","Carmen","Base","exp","30","7","NULL","S[14]","0","1"
"exp","grade","Choice","1","2517","Matthew","MissingVBase","exp","32","21","NULL","S[14]","0","0"
"exp","grade","Choice","3","2756","Jackson","MissingVComma","exp","35","8","NULL","S[14]","1","0"
"exp","grade","Choice","2","2575","Carmen","Comma","exp","38","2","NULL","S[14]","1","1"
"exp","grade","Choice","3","2866","Matthew","Base","exp","41","19","NULL","S[14]","0","1"
"exp","grade","Choice","1","3397","Will","Comma","exp","44","26","NULL","S[14]","1","1"
"exp","grade","Choice","6","5160","Matthew","Comma","exp","47","18","NULL","S[14]","1","1"
"exp","grade","Choice","5","2223","Matthew","Comma","exp","50","22","NULL","S[14]","1","1"
"exp","grade","Choice","1","2256","Carmen","MissingVBase","exp","52","1","NULL","S[14]","0","0"
"exp","grade","Choice","4","3676","Jackson","MissingVBase","exp","55","9","NULL","S[14]","0","0"
"exp","grade","Choice","7","3900","Matthew","MissingVComma","exp","58","16","NULL","S[14]","1","0"
"exp","grade","Choice","5","3398","Will","MissingVComma","exp","61","28","NULL","S[14]","1","0"
"exp","grade","Choice","5","2382","Carmen","Comma","exp","64","6","NULL","S[14]","1","1"
"exp","grade","Choice","2","1857","Carmen","MissingVComma","exp","67","4","NULL","S[14]","1","0"
"exp","grade","Choice","5","2009","Jackson","MissingVBase","exp","70","13","NULL","S[14]","0","0"
"exp","grade","Choice","2","2937","Jackson","Base","exp","72","15","NULL","S[14]","0","1"
"exp","grade","Choice","3","2701","Will","MissingVBase","exp","75","25","NULL","S[14]","0","0"
"exp","grade","Choice","6","2511","Will","MissingVComma","exp","78","24","NULL","S[14]","1","0"
"exp","grade","Choice","7","2300","Danni","MissingVComma","exp","81","36","NULL","S[14]","1","0"
"exp","grade","Choice","6","3495","Hande","MissingVBase","exp","84","41","NULL","S[14]","0","0"
"exp","grade","Choice","1","2088","Hande","Base","exp","87","43","NULL","S[14]","0","1"
"exp","grade","Choice","1","2165","Tessa","Comma","exp","90","50","NULL","S[14]","1","1"
"exp","grade","Choice","2","3587","Hande","MissingVComma","exp","93","44","NULL","S[14]","1","0"
"exp","grade","Choice","5","2933","Tessa","Comma","exp","95","46","NULL","S[14]","1","1"
"exp","grade","Choice","1","2742","Tessa","MissingVBase","exp","98","49","NULL","S[14]","0","0"
"exp","grade","Choice","2","2557","Danni","MissingVBase","exp","101","37","NULL","S[14]","0","0"
"exp","grade","Choice","5","4044","Will","Base","exp","104","27","NULL","S[14]","0","1"
"exp","grade","Choice","6","3272","Danni","Base","exp","107","35","NULL","S[14]","0","1"
"exp","grade","Choice","3","3892","Tessa","MissingVBase","exp","110","45","NULL","S[14]","0","0"
"exp","grade","Choice","6","4641","Danni","MissingVBase","exp","113","33","NULL","S[14]","0","0"
"exp","grade","Choice","1","2294","Carmen","Base","exp","115","3","NULL","S[14]","0","1"
"exp","grade","Choice","1","2490","Tessa","MissingVComma","exp","118","48","NULL","S[14]","1","0"
"exp","grade","Choice","2","1979","Hande","Comma","exp","121","38","NULL","S[14]","1","1"
"exp","grade","Choice","1","2774","Jackson","Comma","exp","124","14","NULL","S[14]","1","1"
"exp","grade","Choice","1","2226","Tessa","Base","exp","127","51","NULL","S[14]","0","1"
"exp","grade","Choice","7","1460","Danni","MissingVComma","exp","130","32","NULL","S[14]","1","0"
"exp","grade","Choice","5","1944","Danni","Base","exp","133","31","NULL","S[14]","0","1"
"exp","grade","Choice","1","1571","Hande","Base","exp","135","39","NULL","S[14]","0","1"
"exp","grade","Choice","1","1419","Hande","Comma","exp","138","42","NULL","S[14]","1","1"
"exp","grade","Choice","1","1645","Jackson","Comma","exp","141","10","NULL","S[14]","1","1"
"exp","grade","Choice","1","1775","Matthew","MissingVBase","exp","144","17","NULL","S[14]","0","0"
"exp","grade","Choice","1","1515","Jackson","MissingVComma","exp","147","12","NULL","S[14]","1","0"
"exp","grade","Choice","1","1518","Jackson","Base","exp","150","11","NULL","S[14]","0","1"
"exp","grade","Choice","2","2054","Will","Comma","exp","153","30","NULL","S[14]","1","1"
"exp","grade","Choice","3","2437","Carmen","MissingVBase","exp","10","7","NULL","S[15]","0","0"
"exp","grade","Choice","3","2991","Danni","MissingVBase","exp","13","35","NULL","S[15]","0","0"
"exp","grade","Choice","6","1654","Danni","Comma","exp","16","36","NULL","S[15]","1","1"
"exp","grade","Choice","3","1572","Tessa","Base","exp","19","45","NULL","S[15]","0","1"
"exp","grade","Choice","3","2151","Danni","Base","exp","22","37","NULL","S[15]","0","1"
"exp","grade","Choice","3","2055","Carmen","MissingVBase","exp","25","3","NULL","S[15]","0","0"
"exp","grade","Choice","2","1990","Matthew","Comma","exp","28","20","NULL","S[15]","1","1"
"exp","grade","Choice","3","1848","Hande","Base","exp","31","41","NULL","S[15]","0","1"
"exp","grade","Choice","2","1850","Tessa","Base","exp","33","49","NULL","S[15]","0","1"
"exp","grade","Choice","5","3026","Jackson","MissingVBase","exp","36","11","NULL","S[15]","0","0"
"exp","grade","Choice","7","2447","Hande","Comma","exp","39","40","NULL","S[15]","1","1"
"exp","grade","Choice","4","2087","Danni","MissingVBase","exp","42","31","NULL","S[15]","0","0"
"exp","grade","Choice","6","2438","Matthew","MissingVComma","exp","45","22","NULL","S[15]","1","0"
"exp","grade","Choice","3","4745","Will","MissingVBase","exp","48","27","NULL","S[15]","0","0"
"exp","grade","Choice","3","2360","Will","Base","exp","51","25","NULL","S[15]","0","1"
"exp","grade","Choice","3","2197","Will","MissingVComma","exp","53","30","NULL","S[15]","1","0"
"exp","grade","Choice","2","2265","Carmen","Comma","exp","56","4","NULL","S[15]","1","1"
"exp","grade","Choice","3","2385","Tessa","Comma","exp","59","48","NULL","S[15]","1","1"
"exp","grade","Choice","2","2917","Matthew","Base","exp","62","17","NULL","S[15]","0","1"
"exp","grade","Choice","2","2437","Carmen","Base","exp","65","1","NULL","S[15]","0","1"
"exp","grade","Choice","6","2137","Jackson","MissingVComma","exp","68","10","NULL","S[15]","1","0"
"exp","grade","Choice","2","3328","Hande","MissingVBase","exp","71","43","NULL","S[15]","0","0"
"exp","grade","Choice","4","2652","Matthew","Comma","exp","73","16","NULL","S[15]","1","1"
"exp","grade","Choice","3","2977","Matthew","MissingVBase","exp","76","19","NULL","S[15]","0","0"
"exp","grade","Choice","1","3015","Tessa","MissingVBase","exp","79","51","NULL","S[15]","0","0"
"exp","grade","Choice","4","4287","Jackson","MissingVBase","exp","82","15","NULL","S[15]","0","0"
"exp","grade","Choice","3","3213","Danni","Base","exp","85","33","NULL","S[15]","0","1"
"exp","grade","Choice","6","3283","Danni","Comma","exp","88","32","NULL","S[15]","1","1"
"exp","grade","Choice","5","2668","Tessa","MissingVComma","exp","91","46","NULL","S[15]","1","0"
"exp","grade","Choice","1","2322","Jackson","Comma","exp","94","12","NULL","S[15]","1","1"
"exp","grade","Choice","5","2440","Carmen","MissingVComma","exp","96","6","NULL","S[15]","1","0"
"exp","grade","Choice","4","3628","Will","MissingVComma","exp","99","26","NULL","S[15]","1","0"
"exp","grade","Choice","3","2556","Carmen","Base","exp","102","5","NULL","S[15]","0","1"
"exp","grade","Choice","5","5246","Carmen","MissingVComma","exp","105","2","NULL","S[15]","1","0"
"exp","grade","Choice","3","2787","Matthew","Base","exp","108","21","NULL","S[15]","0","1"
"exp","grade","Choice","3","2818","Will","Base","exp","111","29","NULL","S[15]","0","1"
"exp","grade","Choice","6","2172","Hande","MissingVComma","exp","114","42","NULL","S[15]","1","0"
"exp","grade","Choice","4","3908","Jackson","Comma","exp","116","8","NULL","S[15]","1","1"
"exp","grade","Choice","2","3923","Tessa","MissingVComma","exp","119","50","NULL","S[15]","1","0"
"exp","grade","Choice","4","2795","Hande","MissingVBase","exp","122","39","NULL","S[15]","0","0"
"exp","grade","Choice","2","5460","Matthew","MissingVComma","exp","125","18","NULL","S[15]","1","0"
"exp","grade","Choice","6","4161","Hande","Comma","exp","128","44","NULL","S[15]","1","1"
"exp","grade","Choice","1","2049","Tessa","MissingVBase","exp","131","47","NULL","S[15]","0","0"
"exp","grade","Choice","6","3012","Danni","MissingVComma","exp","134","34","NULL","S[15]","1","0"
"exp","grade","Choice","3","3325","Hande","MissingVComma","exp","136","38","NULL","S[15]","1","0"
"exp","grade","Choice","2","2077","Will","Comma","exp","139","28","NULL","S[15]","1","1"
"exp","grade","Choice","2","3197","Jackson","Base","exp","142","9","NULL","S[15]","0","1"
"exp","grade","Choice","4","2852","Will","MissingVBase","exp","145","23","NULL","S[15]","0","0"
"exp","grade","Choice","2","1917","Jackson","Base","exp","148","13","NULL","S[15]","0","1"
"exp","grade","Choice","4","3487","Will","Comma","exp","151","24","NULL","S[15]","1","1"
"exp","grade","Choice","3","2080","Jackson","MissingVComma","exp","154","14","NULL","S[15]","1","0"
"exp","grade","Choice","3","2792","Hande","MissingVBase","exp","10","44","NULL","S[16]","0","0"
"exp","grade","Choice","3","3773","Jackson","MissingVBase","exp","12","12","NULL","S[16]","0","0"
"exp","grade","Choice","5","2487","Jackson","Base","exp","15","14","NULL","S[16]","0","1"
"exp","grade","Choice","3","2368","Tessa","MissingVComma","exp","18","47","NULL","S[16]","1","0"
"exp","grade","Choice","6","2812","Tessa","Base","exp","21","50","NULL","S[16]","0","1"
"exp","grade","Choice","6","2773","Will","Comma","exp","24","25","NULL","S[16]","1","1"
"exp","grade","Choice","5","2148","Matthew","Base","exp","27","18","NULL","S[16]","0","1"
"exp","grade","Choice","3","1806","Hande","Base","exp","30","38","NULL","S[16]","0","1"
"exp","grade","Choice","3","2191","Hande","MissingVBase","exp","32","40","NULL","S[16]","0","0"
"exp","grade","Choice","4","1781","Will","MissingVBase","exp","35","28","NULL","S[16]","0","0"
"exp","grade","Choice","4","1950","Matthew","Base","exp","38","22","NULL","S[16]","0","1"
"exp","grade","Choice","6","1935","Hande","MissingVComma","exp","41","43","NULL","S[16]","1","0"
"exp","grade","Choice","5","1478","Tessa","Comma","exp","44","49","NULL","S[16]","1","1"
"exp","grade","Choice","4","2119","Jackson","Comma","exp","47","9","NULL","S[16]","1","1"
"exp","grade","Choice","5","1417","Jackson","Base","exp","50","10","NULL","S[16]","0","1"
"exp","grade","Choice","4","2111","Matthew","MissingVBase","exp","52","16","NULL","S[16]","0","0"
"exp","grade","Choice","4","2412","Matthew","MissingVComma","exp","55","19","NULL","S[16]","1","0"
"exp","grade","Choice","4","1468","Will","MissingVComma","exp","58","27","NULL","S[16]","1","0"
"exp","grade","Choice","2","1581","Carmen","MissingVComma","exp","61","7","NULL","S[16]","1","0"
"exp","grade","Choice","5","2344","Tessa","Comma","exp","64","45","NULL","S[16]","1","1"
"exp","grade","Choice","5","1748","Danni","MissingVBase","exp","67","36","NULL","S[16]","0","0"
"exp","grade","Choice","2","1934","Danni","MissingVComma","exp","70","31","NULL","S[16]","1","0"
"exp","grade","Choice","2","2213","Will","MissingVBase","exp","72","24","NULL","S[16]","0","0"
"exp","grade","Choice","2","1325","Jackson","MissingVBase","exp","75","8","NULL","S[16]","0","0"
"exp","grade","Choice","6","1333","Danni","Base","exp","78","34","NULL","S[16]","0","1"
"exp","grade","Choice","5","1295","Danni","Comma","exp","81","33","NULL","S[16]","1","1"
"exp","grade","Choice","2","2223","Tessa","MissingVBase","exp","84","48","NULL","S[16]","0","0"
"exp","grade","Choice","2","1733","Jackson","MissingVComma","exp","87","11","NULL","S[16]","1","0"
"exp","grade","Choice","3","1821","Carmen","Comma","exp","90","5","NULL","S[16]","1","1"
"exp","grade","Choice","4","1853","Danni","MissingVComma","exp","93","35","NULL","S[16]","1","0"
"exp","grade","Choice","5","1237","Hande","Comma","exp","95","41","NULL","S[16]","1","1"
"exp","grade","Choice","4","2871","Tessa","Base","exp","98","46","NULL","S[16]","0","1"
"exp","grade","Choice","1","1476","Carmen","MissingVBase","exp","101","4","NULL","S[16]","0","0"
"exp","grade","Choice","5","1509","Danni","MissingVBase","exp","104","32","NULL","S[16]","0","0"
"exp","grade","Choice","4","2222","Carmen","Comma","exp","107","1","NULL","S[16]","1","1"
"exp","grade","Choice","2","1979","Hande","MissingVComma","exp","110","39","NULL","S[16]","1","0"
"exp","grade","Choice","6","1462","Carmen","Base","exp","113","2","NULL","S[16]","0","1"
"exp","grade","Choice","5","1772","Will","Base","exp","115","30","NULL","S[16]","0","1"
"exp","grade","Choice","6","1462","Danni","Comma","exp","118","37","NULL","S[16]","1","1"
"exp","grade","Choice","5","1392","Matthew","Comma","exp","121","21","NULL","S[16]","1","1"
"exp","grade","Choice","6","2246","Will","Comma","exp","124","29","NULL","S[16]","1","1"
"exp","grade","Choice","6","1397","Will","Base","exp","127","26","NULL","S[16]","0","1"
"exp","grade","Choice","6","1359","Jackson","Comma","exp","130","13","NULL","S[16]","1","1"
"exp","grade","Choice","2","1701","Tessa","MissingVComma","exp","133","51","NULL","S[16]","1","0"
"exp","grade","Choice","2","1349","Will","MissingVComma","exp","135","23","NULL","S[16]","1","0"
"exp","grade","Choice","7","1596","Hande","Base","exp","138","42","NULL","S[16]","0","1"
"exp","grade","Choice","2","1471","Jackson","MissingVComma","exp","141","15","NULL","S[16]","1","0"
"exp","grade","Choice","2","2646","Carmen","MissingVComma","exp","144","3","NULL","S[16]","1","0"
"exp","grade","Choice","6","1237","Matthew","Comma","exp","147","17","NULL","S[16]","1","1"
"exp","grade","Choice","6","1373","Carmen","Base","exp","150","6","NULL","S[16]","0","1"
"exp","grade","Choice","2","2864","Matthew","MissingVBase","exp","153","20","NULL","S[16]","0","0"
"exp","grade","Choice","3","3297","Jackson","MissingVComma","exp","10","10","NULL","S[17]","1","0"
"exp","grade","Choice","1","2646","Tessa","Comma","exp","13","48","NULL","S[17]","1","1"
"exp","grade","Choice","1","2952","Will","MissingVComma","exp","16","30","NULL","S[17]","1","0"
"exp","grade","Choice","2","2855","Carmen","MissingVComma","exp","19","6","NULL","S[17]","1","0"
"exp","grade","Choice","2","3103","Matthew","MissingVBase","exp","22","19","NULL","S[17]","0","0"
"exp","grade","Choice","1","5252","Jackson","Base","exp","25","9","NULL","S[17]","0","1"
"exp","grade","Choice","2","4197","Carmen","MissingVComma","exp","28","2","NULL","S[17]","1","0"
"exp","grade","Choice","3","5346","Carmen","MissingVBase","exp","31","3","NULL","S[17]","0","0"
"exp","grade","Choice","1","2322","Will","Base","exp","33","29","NULL","S[17]","0","1"
"exp","grade","Choice","3","3148","Carmen","MissingVBase","exp","36","7","NULL","S[17]","0","0"
"exp","grade","Choice","2","4750","Danni","Base","exp","39","33","NULL","S[17]","0","1"
"exp","grade","Choice","2","2650","Danni","MissingVComma","exp","42","34","NULL","S[17]","1","0"
"exp","grade","Choice","2","2632","Tessa","Base","exp","45","49","NULL","S[17]","0","1"
"exp","grade","Choice","2","3604","Jackson","Comma","exp","48","8","NULL","S[17]","1","1"
"exp","grade","Choice","3","4407","Will","Base","exp","53","25","NULL","S[17]","0","1"
"exp","grade","Choice","5","2573","Hande","MissingVBase","exp","56","43","NULL","S[17]","0","0"
"exp","grade","Choice","2","3450","Jackson","MissingVBase","exp","59","11","NULL","S[17]","0","0"
"exp","grade","Choice","1","4547","Carmen","Base","exp","62","1","NULL","S[17]","0","1"
"exp","grade","Choice","1","2439","Will","MissingVBase","exp","68","23","NULL","S[17]","0","0"
"exp","grade","Choice","3","2749","Hande","MissingVComma","exp","71","42","NULL","S[17]","1","0"
"exp","grade","Choice","2","2496","Hande","MissingVComma","exp","73","38","NULL","S[17]","1","0"
"exp","grade","Choice","4","2606","Danni","Comma","exp","79","32","NULL","S[17]","1","1"
"exp","grade","Choice","2","2618","Jackson","MissingVComma","exp","82","14","NULL","S[17]","1","0"
"exp","grade","Choice","5","2297","Danni","MissingVBase","exp","85","31","NULL","S[17]","0","0"
"exp","grade","Choice","4","2777","Matthew","MissingVComma","exp","88","22","NULL","S[17]","1","0"
"exp","grade","Choice","2","3121","Danni","Comma","exp","91","36","NULL","S[17]","1","1"
"exp","grade","Choice","2","2540","Danni","Base","exp","94","37","NULL","S[17]","0","1"
"exp","grade","Choice","5","2534","Danni","MissingVBase","exp","99","35","NULL","S[17]","0","0"
"exp","grade","Choice","3","2944","Will","Comma","exp","102","28","NULL","S[17]","1","1"
"exp","grade","Choice","4","2225","Tessa","MissingVBase","exp","105","51","NULL","S[17]","0","0"
"exp","grade","Choice","4","3777","Hande","MissingVBase","exp","108","39","NULL","S[17]","0","0"
"exp","grade","Choice","3","2416","Matthew","Base","exp","111","17","NULL","S[17]","0","1"
"exp","grade","Choice","3","2148","Matthew","MissingVComma","exp","114","18","NULL","S[17]","1","0"
"exp","grade","Choice","3","2008","Hande","Comma","exp","116","44","NULL","S[17]","1","1"
"exp","grade","Choice","2","1955","Jackson","MissingVBase","exp","119","15","NULL","S[17]","0","0"
"exp","grade","Choice","3","2280","Hande","Base","exp","122","41","NULL","S[17]","0","1"
"exp","grade","Choice","3","2730","Matthew","Base","exp","125","21","NULL","S[17]","0","1"
"exp","grade","Choice","2","2465","Tessa","MissingVBase","exp","128","47","NULL","S[17]","0","0"
"exp","grade","Choice","3","2431","Will","MissingVComma","exp","131","26","NULL","S[17]","1","0"
"exp","grade","Choice","2","3447","Tessa","Base","exp","134","45","NULL","S[17]","0","1"
"exp","grade","Choice","3","2292","Will","Comma","exp","136","24","NULL","S[17]","1","1"
"exp","grade","Choice","2","2459","Matthew","Comma","exp","139","20","NULL","S[17]","1","1"
"exp","grade","Choice","1","2446","Carmen","Comma","exp","142","4","NULL","S[17]","1","1"
"exp","grade","Choice","2","2025","Will","MissingVBase","exp","145","27","NULL","S[17]","0","0"
"exp","grade","Choice","2","2487","Jackson","Base","exp","148","13","NULL","S[17]","0","1"
"exp","grade","Choice","4","2146","Hande","Comma","exp","151","40","NULL","S[17]","1","1"
"exp","grade","Choice","1","2220","Jackson","Comma","exp","154","12","NULL","S[17]","1","1"
"exp","grade","Choice",NA,"5504","Carmen","Base","exp","96","5","No selection happened","S[17]","0","1"
"exp","grade","Choice",NA,"5509","Tessa","MissingVComma","exp","76","50","No selection happened","S[17]","1","0"
"exp","grade","Choice",NA,"5506","Tessa","MissingVComma","exp","65","46","No selection happened","S[17]","1","0"
"exp","grade","Choice",NA,"5504","Matthew","Comma","exp","51","16","No selection happened","S[17]","1","1"
"exp","grade","Choice","5","2105","Jackson","Comma","exp","10","10","NULL","S[18]","1","1"
"exp","grade","Choice","4","2207","Carmen","MissingVComma","exp","12","4","NULL","S[18]","1","0"
"exp","grade","Choice","3","2915","Matthew","MissingVComma","exp","15","16","NULL","S[18]","1","0"
"exp","grade","Choice","6","2328","Matthew","Comma","exp","18","18","NULL","S[18]","1","1"
"exp","grade","Choice","4","3357","Jackson","Base","exp","21","15","NULL","S[18]","0","1"
"exp","grade","Choice","1","2253","Carmen","MissingVBase","exp","24","1","NULL","S[18]","0","0"
"exp","grade","Choice","3","1904","Hande","Base","exp","27","43","NULL","S[18]","0","1"
"exp","grade","Choice","3","4451","Tessa","MissingVBase","exp","30","45","NULL","S[18]","0","0"
"exp","grade","Choice","4","1618","Danni","Base","exp","32","31","NULL","S[18]","0","1"
"exp","grade","Choice","3","2357","Will","MissingVBase","exp","35","29","NULL","S[18]","0","0"
"exp","grade","Choice","4","1861","Will","Base","exp","38","23","NULL","S[18]","0","1"
"exp","grade","Choice","5","3737","Matthew","Comma","exp","41","22","NULL","S[18]","1","1"
"exp","grade","Choice","3","2250","Hande","MissingVComma","exp","44","40","NULL","S[18]","1","0"
"exp","grade","Choice","3","2508","Matthew","MissingVComma","exp","47","20","NULL","S[18]","1","0"
"exp","grade","Choice","3","3574","Jackson","Comma","exp","50","14","NULL","S[18]","1","1"
"exp","grade","Choice","3","1465","Danni","Comma","exp","52","34","NULL","S[18]","1","1"
"exp","grade","Choice","2","2191","Will","Comma","exp","55","30","NULL","S[18]","1","1"
"exp","grade","Choice","5","2317","Hande","Base","exp","58","39","NULL","S[18]","0","1"
"exp","grade","Choice","3","2542","Carmen","Comma","exp","61","6","NULL","S[18]","1","1"
"exp","grade","Choice","5","2325","Tessa","Comma","exp","64","46","NULL","S[18]","1","1"
"exp","grade","Choice","3","3966","Jackson","MissingVComma","exp","67","12","NULL","S[18]","1","0"
"exp","grade","Choice","4","4023","Hande","Comma","exp","70","42","NULL","S[18]","1","1"
"exp","grade","Choice","3","2287","Hande","Comma","exp","72","38","NULL","S[18]","1","1"
"exp","grade","Choice","2","2451","Jackson","MissingVBase","exp","75","13","NULL","S[18]","0","0"
"exp","grade","Choice","5","2098","Danni","MissingVBase","exp","78","37","NULL","S[18]","0","0"
"exp","grade","Choice","2","2596","Jackson","MissingVComma","exp","81","8","NULL","S[18]","1","0"
"exp","grade","Choice","3","2388","Will","MissingVComma","exp","84","28","NULL","S[18]","1","0"
"exp","grade","Choice","3","2128","Danni","MissingVBase","exp","87","33","NULL","S[18]","0","0"
"exp","grade","Choice","3","2063","Jackson","MissingVBase","exp","90","9","NULL","S[18]","0","0"
"exp","grade","Choice","3","1848","Will","Comma","exp","93","26","NULL","S[18]","1","1"
"exp","grade","Choice","2","2959","Danni","Base","exp","95","35","NULL","S[18]","0","1"
"exp","grade","Choice","6","1478","Danni","MissingVComma","exp","98","32","NULL","S[18]","1","0"
"exp","grade","Choice","4","1897","Carmen","Base","exp","101","3","NULL","S[18]","0","1"
"exp","grade","Choice","4","2699","Tessa","MissingVBase","exp","104","49","NULL","S[18]","0","0"
"exp","grade","Choice","2","1855","Will","MissingVBase","exp","107","25","NULL","S[18]","0","0"
"exp","grade","Choice","5","1881","Tessa","MissingVComma","exp","110","48","NULL","S[18]","1","0"
"exp","grade","Choice","3","2527","Will","MissingVComma","exp","113","24","NULL","S[18]","1","0"
"exp","grade","Choice","4","1836","Will","Base","exp","115","27","NULL","S[18]","0","1"
"exp","grade","Choice","2","2546","Matthew","MissingVBase","exp","118","21","NULL","S[18]","0","0"
"exp","grade","Choice","2","2707","Tessa","Base","exp","121","47","NULL","S[18]","0","1"
"exp","grade","Choice","3","1667","Hande","MissingVBase","exp","124","41","NULL","S[18]","0","0"
"exp","grade","Choice","3","2471","Carmen","MissingVBase","exp","127","5","NULL","S[18]","0","0"
"exp","grade","Choice","4","2211","Hande","MissingVComma","exp","130","44","NULL","S[18]","1","0"
"exp","grade","Choice","1","3404","Tessa","Comma","exp","133","50","NULL","S[18]","1","1"
"exp","grade","Choice","3","1791","Jackson","Base","exp","135","11","NULL","S[18]","0","1"
"exp","grade","Choice","2","2877","Carmen","Base","exp","138","7","NULL","S[18]","0","1"
"exp","grade","Choice","5","1957","Danni","MissingVComma","exp","141","36","NULL","S[18]","1","0"
"exp","grade","Choice","2","2125","Matthew","Base","exp","144","19","NULL","S[18]","0","1"
"exp","grade","Choice","5","2137","Carmen","Comma","exp","147","2","NULL","S[18]","1","1"
"exp","grade","Choice","2","1791","Matthew","MissingVBase","exp","150","17","NULL","S[18]","0","0"
"exp","grade","Choice","2","2161","Tessa","Base","exp","153","51","NULL","S[18]","0","1"
"exp","grade","Choice","6","2894","Will","Comma","exp","10","27","NULL","S[19]","1","1"
"exp","grade","Choice","6","1487","Danni","Base","exp","12","36","NULL","S[19]","0","1"
"exp","grade","Choice","3","2372","Hande","MissingVBase","exp","15","38","NULL","S[19]","0","0"
"exp","grade","Choice","1","1965","Will","MissingVBase","exp","18","30","NULL","S[19]","0","0"
"exp","grade","Choice","5","2538","Matthew","Comma","exp","21","19","NULL","S[19]","1","1"
"exp","grade","Choice","6","1795","Matthew","MissingVBase","exp","24","22","NULL","S[19]","0","0"
"exp","grade","Choice","2","2720","Hande","Base","exp","27","44","NULL","S[19]","0","1"
"exp","grade","Choice","3","2656","Jackson","MissingVBase","exp","30","14","NULL","S[19]","0","0"
"exp","grade","Choice","1","2044","Carmen","Base","exp","32","4","NULL","S[19]","0","1"
"exp","grade","Choice","5","1992","Tessa","MissingVComma","exp","35","49","NULL","S[19]","1","0"
"exp","grade","Choice","5","2159","Will","Base","exp","38","24","NULL","S[19]","0","1"
"exp","grade","Choice","3","3925","Tessa","Base","exp","41","48","NULL","S[19]","0","1"
"exp","grade","Choice","7","1540","Danni","MissingVComma","exp","44","37","NULL","S[19]","1","0"
"exp","grade","Choice","2","2187","Carmen","MissingVComma","exp","47","1","NULL","S[19]","1","0"
"exp","grade","Choice","6","1969","Danni","Comma","exp","50","35","NULL","S[19]","1","1"
"exp","grade","Choice","6","1486","Danni","Base","exp","52","32","NULL","S[19]","0","1"
"exp","grade","Choice","5","2537","Tessa","MissingVComma","exp","55","45","NULL","S[19]","1","0"
"exp","grade","Choice","5","1831","Matthew","Base","exp","58","16","NULL","S[19]","0","1"
"exp","grade","Choice","6","1869","Will","MissingVComma","exp","61","25","NULL","S[19]","1","0"
"exp","grade","Choice","2","1934","Tessa","Comma","exp","64","47","NULL","S[19]","1","1"
"exp","grade","Choice","6","1992","Matthew","MissingVComma","exp","67","21","NULL","S[19]","1","0"
"exp","grade","Choice","7","1893","Jackson","MissingVBase","exp","70","10","NULL","S[19]","0","0"
"exp","grade","Choice","5","2029","Hande","Comma","exp","72","39","NULL","S[19]","1","1"
"exp","grade","Choice","6","1788","Jackson","Comma","exp","75","11","NULL","S[19]","1","1"
"exp","grade","Choice","5","2536","Will","MissingVComma","exp","78","29","NULL","S[19]","1","0"
"exp","grade","Choice","5","1602","Matthew","Base","exp","81","20","NULL","S[19]","0","1"
"exp","grade","Choice","7","2235","Tessa","MissingVBase","exp","84","46","NULL","S[19]","0","0"
"exp","grade","Choice","3","2692","Hande","Comma","exp","87","43","NULL","S[19]","1","1"
"exp","grade","Choice","7","1544","Danni","MissingVComma","exp","90","33","NULL","S[19]","1","0"
"exp","grade","Choice","5","1488","Will","MissingVBase","exp","93","26","NULL","S[19]","0","0"
"exp","grade","Choice","6","1907","Carmen","MissingVBase","exp","95","2","NULL","S[19]","0","0"
"exp","grade","Choice","6","1766","Danni","MissingVBase","exp","98","34","NULL","S[19]","0","0"
"exp","grade","Choice","1","2873","Carmen","MissingVComma","exp","101","5","NULL","S[19]","1","0"
"exp","grade","Choice","6","1125","Will","Base","exp","104","28","NULL","S[19]","0","1"
"exp","grade","Choice","5","2228","Hande","Base","exp","107","40","NULL","S[19]","0","1"
"exp","grade","Choice","5","3003","Jackson","MissingVComma","exp","110","9","NULL","S[19]","1","0"
"exp","grade","Choice","7","1716","Carmen","Comma","exp","113","7","NULL","S[19]","1","1"
"exp","grade","Choice","5","1493","Carmen","MissingVBase","exp","115","6","NULL","S[19]","0","0"
"exp","grade","Choice","2","2015","Tessa","MissingVBase","exp","118","50","NULL","S[19]","0","0"
"exp","grade","Choice","2","1557","Jackson","Base","exp","121","12","NULL","S[19]","0","1"
"exp","grade","Choice","6","2352","Hande","MissingVComma","exp","124","41","NULL","S[19]","1","0"
"exp","grade","Choice","4","4291","Jackson","MissingVComma","exp","127","13","NULL","S[19]","1","0"
"exp","grade","Choice","6","1845","Jackson","Comma","exp","130","15","NULL","S[19]","1","1"
"exp","grade","Choice","2","2886","Tessa","Comma","exp","133","51","NULL","S[19]","1","1"
"exp","grade","Choice","5","2504","Matthew","MissingVBase","exp","135","18","NULL","S[19]","0","0"
"exp","grade","Choice","2","2160","Matthew","MissingVComma","exp","138","17","NULL","S[19]","1","0"
"exp","grade","Choice","3","1978","Danni","Comma","exp","141","31","NULL","S[19]","1","1"
"exp","grade","Choice","2","2169","Jackson","Base","exp","144","8","NULL","S[19]","0","1"
"exp","grade","Choice","5","2257","Will","Comma","exp","147","23","NULL","S[19]","1","1"
"exp","grade","Choice","6","2084","Carmen","Comma","exp","150","3","NULL","S[19]","1","1"
"exp","grade","Choice","6","1958","Hande","MissingVBase","exp","153","42","NULL","S[19]","0","0"
